OBJECTID_1,OBJECTID,NAME,CCR,Area_sq_mi,Study_Regi,FULLNAME,Type,DFG_URL,CCR_Int,SHORTNAME,Acres,Hectares,Shape__Area,Shape__Length
1,1,Pyramid Point SMCA,Section 632 (b) (1),13.9935561,NCSR,Pyramid Point State Marine Conservation Area,SMCA,https://www.wildlife.ca.gov/Conservation/Marine/MPAs/Network/Title-14-Section-632#Section-632-b-1,1,Pyramid Point,8955.911523,3624.328806,65634640.46,36841.20996
2,2,Point St. George Reef Offshore SMCA,Section 632 (b) (2),9.52324022,NCSR,Point St. George Reef Offshore State Marine Conservation Area,SMCA,https://www.wildlife.ca.gov/Conservation/Marine/MPAs/Network/Title-14-Section-632#Section-632-b-2,2,Point St. George Reef Offshore,6094.897977,2466.517702,44473990.09,25879.58167
3,3,Southwest Seal Rock Special Closure,Section 632 (b) (3),0.02234482,NCSR,Southwest Seal Rock Special Closure,Special Closure,https://www.wildlife.ca.gov/Conservation/Marine/MPAs/Network/Title-14-Section-632#Section-632-b-3,3,Southwest Seal Rock,14.30073886,5.78730369,104261.2031,1638.296108
4,4,Castle Rock Special Closure,Section 632 (b) (4),0.05377085,NCSR,Castle Rock Special Closure,Special Closure,https://www.wildlife.ca.gov/Conservation/Marine/MPAs/Network/Title-14-Section-632#Section-632-b-4,4,Castle Rock,34.41348201,13.92664207,250489.0938,3697.977977
5,5,False Klamath Rock Special Closure,Section 632 (b) (5),0.02679051,NCSR,False Klamath Rock Special Closure,Special Closure,https://www.wildlife.ca.gov/Conservation/Marine/MPAs/Network/Title-14-Section-632#Section-632-b-5,5,False Klamath Rock,17.14599171,6.93873667,124159.6016,2005.228679
6,7,Reading Rock SMR,Section 632 (b) (7),9.60277944,NCSR,Reading Rock State Marine Reserve,SMR,https://www.wildlife.ca.gov/Conservation/Marine/MPAs/Network/Title-14-Section-632#Section-632-b-7,7,Reading Rock,6145.803282,2487.118348,44122589.13,26835.52822
7,8,Samoa SMCA,Section 632 (b) (8),13.06327606,NCSR,Samoa State Marine Conservation Area,SMCA,https://www.wildlife.ca.gov/Conservation/Marine/MPAs/Network/Title-14-Section-632#Section-632-b-8,8,Samoa,8360.529928,3383.386423,59264006.93,31815.08863
8,9,South Humboldt Bay SMRMA,Section 632 (b) (9),0.80535423,NCSR,South Humboldt Bay State Marine Recreational Managment Area,SMRMA,https://www.wildlife.ca.gov/Conservation/Marine/MPAs/Network/Title-14-Section-632#Section-632-b-9,9,South Humboldt Bay,515.4287552,208.5866168,3633597.902,8616.237747
9,10,Sugarloaf Island Special Closure,Section 632 (b) (10),0.03248719,NCSR,Sugarloaf Island Special Closure,Special Closure,https://www.wildlife.ca.gov/Conservation/Marine/MPAs/Network/Title-14-Section-632#Section-632-b-10,10,Sugarloaf Island,20.79188457,8.41417716,145410.2813,2461.811752
10,12,Steamboat Rock Special Closure,Section 632 (b) (12),0.01789157,NCSR,Steamboat Rock Special Closure,Special Closure,https://www.wildlife.ca.gov/Conservation/Marine/MPAs/Network/Title-14-Section-632#Section-632-b-12,12,Steamboat Rock,11.45065057,4.63391388,80026.13281,1333.875685
11,13,Mattole Canyon SMR,Section 632 (b) (13),9.79397262,NCSR,Mattole Canyon State Marine Reserve,SMR,https://www.wildlife.ca.gov/Conservation/Marine/MPAs/Network/Title-14-Section-632#Section-632-b-13,13,Mattole Canyon,6268.167404,2536.637352,43669210.21,27436.88954
12,14,Sea Lion Gulch SMR,Section 632 (b) (14),10.41629031,NCSR,Sea Lion Gulch State Marine Reserve,SMR,https://www.wildlife.ca.gov/Conservation/Marine/MPAs/Network/Title-14-Section-632#Section-632-b-14,14,Sea Lion Gulch,6666.452308,2697.817534,46336709.21,33274.59273
13,15,Big Flat SMCA,Section 632 (b) (15),11.58751591,NCSR,Big Flat State Marine Conservation Area,SMCA,https://www.wildlife.ca.gov/Conservation/Marine/MPAs/Network/Title-14-Section-632#Section-632-b-15,15,Big Flat,7416.039675,3001.164779,51409227.75,37728.10129
14,16,Double Cone Rock SMCA,Section 632 (b) (16),18.49257879,NCSR,Double Cone Rock State Marine Conservation Area,SMCA,https://www.wildlife.ca.gov/Conservation/Marine/MPAs/Network/Title-14-Section-632#Section-632-b-16,16,Double Cone Rock,11835.29749,4789.574966,81178109.22,44209.06398
15,18,Vizcaino Rock Special Closure,Section 632 (b) (18),0.0220967,NCSR,Vizcaino Rock Special Closure,Special Closure,https://www.wildlife.ca.gov/Conservation/Marine/MPAs/Network/Title-14-Section-632#Section-632-b-18,18,Vizcaino Rock,14.14194694,5.72304288,96872.97656,1854.330758
16,19,Ten Mile SMR,Section 632 (b) (19),11.9478486,NCSR,Ten Mile State Marine Reserve,SMR,https://www.wildlife.ca.gov/Conservation/Marine/MPAs/Network/Title-14-Section-632#Section-632-b-19,19,Ten Mile,7646.653512,3094.490887,52154910.8,38671.80761
17,20,Ten Mile Beach SMCA,Section 632 (b) (20),3.53883626,NCSR,Ten Mile Beach State Marine Conservation Area,SMCA,https://www.wildlife.ca.gov/Conservation/Marine/MPAs/Network/Title-14-Section-632#Section-632-b-20,20,Ten Mile Beach,2264.864216,916.5580297,15434117.56,20317.45654
18,21,Ten Mile Estuary SMCA,Section 632 (b) (21),0.18425979,NCSR,Ten Mile Estuary State Marine Conservation Area,SMCA,https://www.wildlife.ca.gov/Conservation/Marine/MPAs/Network/Title-14-Section-632#Section-632-b-21,21,Ten Mile Estuary,117.9267315,47.72325507,803612.9844,8243.919126
19,23,Point Cabrillo SMR,Section 632 (b) (23),0.44074342,NCSR,Point Cabrillo State Marine Reserve,SMR,https://www.wildlife.ca.gov/Conservation/Marine/MPAs/Network/Title-14-Section-632#Section-632-b-23,23,Point Cabrillo,282.0769134,114.1524769,1911543.875,10644.14693
20,24,Russian Gulch SMCA,Section 632 (b) (24),0.21789763,NCSR,Russian Gulch State Marine Conservation Area,SMCA,https://www.wildlife.ca.gov/Conservation/Marine/MPAs/Network/Title-14-Section-632#Section-632-b-24,24,Russian Gulch,139.4550364,56.43545096,944428.6992,7022.063442
21,26,Van Damme SMCA,Section 632 (b) (26),0.05666463,NCSR,Van Damme State Marine Conservation Area,SMCA,https://www.wildlife.ca.gov/Conservation/Marine/MPAs/Network/Title-14-Section-632#Section-632-b-26,26,Van Damme,36.26550573,14.67612948,245217.1328,2234.843265
22,28,Point Arena SMR,Section 632 (b) (28),4.3777799,NCCSR,Point Arena State Marine Reserve,SMR,https://www.wildlife.ca.gov/Conservation/Marine/MPAs/Network/Title-14-Section-632#Section-632-b-28,28,Point Arena,2801.790279,1133.844298,18779439.86,20589.50558
23,30,Sea Lion Cove SMCA,Section 632 (b) (30),0.22405729,NCCSR,Sea Lion Cove State Marine Conservation Area,SMCA,https://www.wildlife.ca.gov/Conservation/Marine/MPAs/Network/Title-14-Section-632#Section-632-b-30,30,Sea Lion Cove,143.3972343,58.03080187,960433.5938,5711.541829
24,31,Saunders Reef SMCA,Section 632 (b) (31),9.36083612,NCCSR,Saunders Reef State Marine Conservation Area,SMCA,https://www.wildlife.ca.gov/Conservation/Marine/MPAs/Network/Title-14-Section-632#Section-632-b-31,31,Saunders Reef,5990.95894,2424.455066,40027194.26,34556.96212
25,36,Gerstle Cove SMR,Section 632 (b) (36),0.01016289,NCCSR,Gerstle Cove State Marine Reserve,SMR,https://www.wildlife.ca.gov/Conservation/Marine/MPAs/Network/Title-14-Section-632#Section-632-b-36,36,Gerstle Cove,6.50427259,2.63218573,43120.77734,981.6616092
26,37,Russian River SMRMA,Section 632 (b) (37),0.35530902,NCCSR,Russian River State Marine Recreational Management Area,SMRMA,https://www.wildlife.ca.gov/Conservation/Marine/MPAs/Network/Title-14-Section-632#Section-632-b-37,37,Russian River,227.398678,92.02498006,1502514.371,10469.39495
27,38,Russian River SMCA,Section 632 (b) (38),0.84052394,NCCSR,Russian River State Marine Conservation Area,SMCA,https://www.wildlife.ca.gov/Conservation/Marine/MPAs/Network/Title-14-Section-632#Section-632-b-38,38,Russian River,537.9374622,217.6955674,3554603.094,7646.711238
28,41,Estero Americano SMRMA,Section 632 (b) (41),0.13099226,NCCSR,Estero Americano State Marine Recreational Management Area,SMRMA,https://www.wildlife.ca.gov/Conservation/Marine/MPAs/Network/Title-14-Section-632#Section-632-b-41,41,Estero Americano,83.83538231,33.92697553,551768.5234,7516.314352
29,42,Estero de San Antonio SMRMA,Section 632 (b) (42),0.07274201,NCCSR,Estero de San Antonio State Marine Recreational Management Area,SMRMA,https://www.wildlife.ca.gov/Conservation/Marine/MPAs/Network/Title-14-Section-632#Section-632-b-42,42,Estero de San Antonio,46.55507029,18.84016852,306149.0742,10621.58619
30,45,Point Reyes Headlands Special Closure,Section 632 (b) (45),0.67195492,NCCSR,Point Reyes Headlands Special Closure,Special Closure,https://www.wildlife.ca.gov/Conservation/Marine/MPAs/Network/Title-14-Section-632#Section-632-b-45,45,Point Reyes Headlands,430.0528607,174.0362181,2806641.523,16807.47175
31,48,Point Resistance Rock Special Closure,Section 632 (b) (48),0.01457196,NCCSR,Point Resistance Rock Special Closure,Special Closure,https://www.wildlife.ca.gov/Conservation/Marine/MPAs/Network/Title-14-Section-632#Section-632-b-48,48,Point Resistance Rock,9.32609193,3.7741355,60876.02734,876.8339553
32,49,Double Point/Stormy Stack Rock Special Closure,Section 632 (b) (49),0.02247861,NCCSR,Double Point/Stormy Stack Rock Special Closure,Special Closure,https://www.wildlife.ca.gov/Conservation/Marine/MPAs/Network/Title-14-Section-632#Section-632-b-49,49,Double Point/Stormy Stack Rock,14.38636711,5.82195621,93776.96875,1105.46253
33,50,Duxbury Reef SMCA,Section 632 (b) (50),0.69045393,NCCSR,Duxbury Reef State Marine Conservation Area,SMCA,https://www.wildlife.ca.gov/Conservation/Marine/MPAs/Network/Title-14-Section-632#Section-632-b-50,50,Duxbury Reef,441.8922693,178.8274568,2877153.598,15248.65558
34,52,North Farallon Islands Special Closure,Section 632 (b) (52),0.21287143,NCCSR,North Farallon Islands Special Closure,Special Closure,https://www.wildlife.ca.gov/Conservation/Marine/MPAs/Network/Title-14-Section-632#Section-632-b-52,52,North Farallon Islands,136.2382602,55.13366782,883843,7355.073536
35,53,Southeast Farallon Island SMR,Section 632 (b) (53),5.35546898,NCCSR,Southeast Farallon Island State Marine Reserve,SMR,https://www.wildlife.ca.gov/Conservation/Marine/MPAs/Network/Title-14-Section-632#Section-632-b-53,53,Southeast Farallon Island,3427.513776,1387.065614,22189599.81,31439.85792
36,54,Southeast Farallon Island SMCA,Section 632 (b) (54),12.94918523,NCCSR,Southeast Farallon Island State Marine Conservation Area,SMCA,https://www.wildlife.ca.gov/Conservation/Marine/MPAs/Network/Title-14-Section-632#Section-632-b-54,54,Southeast Farallon Island,8287.511504,3353.836916,53627764.48,36162.32813
37,55,Southeast Farallon Island Special Closure,Section 632 (b) (55),0.18424907,NCCSR,Southeast Farallon Island Special Closure,Special Closure,https://www.wildlife.ca.gov/Conservation/Marine/MPAs/Network/Title-14-Section-632#Section-632-b-55,55,Southeast Farallon Island,117.9198718,47.72047903,763534.7891,16546.96036
38,56,Fagan Marsh SMP,Section 632 (b) (56),0.65967875,SFBSR,Fagan Marsh State Marine Park,SMP,https://www.wildlife.ca.gov/Conservation/Marine/MPAs/Network/Title-14-Section-632#Section-632-b-56,56,Fagan Marsh,422.1960806,170.856692,2772377.141,10020.22397
39,57,Peytonia Slough SMP,Section 632 (b) (57),0.81925494,SFBSR,Peytonia Slough State Marine Park,SMP,https://www.wildlife.ca.gov/Conservation/Marine/MPAs/Network/Title-14-Section-632#Section-632-b-57,57,Peytonia Slough,524.3252488,212.1869001,3443481.277,13350.75829
40,58,Corte Madera Marsh SMP,Section 632 (b) (58),0.94563449,SFBSR,Corte Madera Marsh State Marine Park,SMP,https://www.wildlife.ca.gov/Conservation/Marine/MPAs/Network/Title-14-Section-632#Section-632-b-58,58,Corte Madera Marsh,605.2084783,244.9191818,3943519.781,14944.41571
41,59,Marin Islands SMP,Section 632 (b) (59),0.54691962,SFBSR,Marin Islands State Marine Park,SMP,https://www.wildlife.ca.gov/Conservation/Marine/MPAs/Network/Title-14-Section-632#Section-632-b-59,59,Marin Islands,350.0299508,141.6520955,2283030.551,11577.39817
42,60,Albany Mudflats SMP,Section 632 (b) (60),0.25749855,SFBSR,Albany Mudflats State Marine Park,SMP,https://www.wildlife.ca.gov/Conservation/Marine/MPAs/Network/Title-14-Section-632#Section-632-b-60,60,Albany Mudflats,164.7997292,66.69208425,1072667.156,5440.694744
43,61,Robert W. Crown SMCA,Section 632 (b) (61),0.01450446,SFBSR,Robert W. Crown State Marine Conservation Area,SMCA,https://www.wildlife.ca.gov/Conservation/Marine/MPAs/Network/Title-14-Section-632#Section-632-b-61,61,Robert W. Crown,9.28289198,3.7566531,60217.89453,2087.825728
44,62,Redwood Shores SMP,Section 632 (b) (62),0.34448674,SFBSR,Redwood Shores State Marine Park,SMP,https://www.wildlife.ca.gov/Conservation/Marine/MPAs/Network/Title-14-Section-632#Section-632-b-62,62,Redwood Shores,220.4723903,89.22201087,1421686.512,24819.12762
45,63,Bair Island SMP,Section 632 (b) (63),3.01832347,SFBSR,Bair Island State Marine Park,SMP,https://www.wildlife.ca.gov/Conservation/Marine/MPAs/Network/Title-14-Section-632#Section-632-b-63,63,Bair Island,1931.734706,781.7453,12450713.13,26314.0313
46,64,Egg (Devil's Slide) Rock to Devil's Slide Special Closure,Section 632 (b) (64),0.05015163,NCCSR,Egg (Devil's Slide) Rock to Devil's Slide Special Closure,Special Closure,https://www.wildlife.ca.gov/Conservation/Marine/MPAs/Network/Title-14-Section-632#Section-632-b-64,64,Egg (Devil's Slide) Rock to Devil's Slide,32.09716873,12.98926334,207158.8477,1822.385234
47,69,Natural Bridges SMR,Section 632 (b) (69),0.25388004,CCSR,Natural Bridges State Marine Reserve,SMR,https://www.wildlife.ca.gov/Conservation/Marine/MPAs/Network/Title-14-Section-632#Section-632-b-69,69,Natural Bridges,162.4838701,65.75488933,1031661.633,22169.5385
48,70,Elkhorn Slough SMR,Section 632 (b) (70),2.72128592,CCSR,Elkhorn Slough State Marine Reserve,SMR,https://www.wildlife.ca.gov/Conservation/Marine/MPAs/Network/Title-14-Section-632#Section-632-b-70,70,Elkhorn Slough,1741.629918,704.8126218,11019448.32,53313.95159
49,71,Elkhorn Slough SMCA,Section 632 (b) (71),0.21650934,CCSR,Elkhorn Slough State Marine Conservation Area,SMCA,https://www.wildlife.ca.gov/Conservation/Marine/MPAs/Network/Title-14-Section-632#Section-632-b-71,71,Elkhorn Slough,138.5665268,56.07588388,876552.6563,5410.40573
50,72,Moro Cojo Slough SMR,Section 632 (b) (72),0.20321996,CCSR,Moro Cojo Slough State Marine Reserve,SMR,https://www.wildlife.ca.gov/Conservation/Marine/MPAs/Network/Title-14-Section-632#Section-632-b-72,72,Moro Cojo Sloug,130.0612906,52.63393691,822375.7734,16879.1889
51,73,Soquel Canyon SMCA,Section 632 (b) (73),22.96827363,CCSR,Soquel Canyon State Marine Conservation Area,SMCA,https://www.wildlife.ca.gov/Conservation/Marine/MPAs/Network/Title-14-Section-632#Section-632-b-73,73,Soquel Canyon,14699.75358,5948.779217,93012248.35,40851.25883
52,74,Portuguese Ledge SMCA,Section 632 (b) (74),10.63563345,CCSR,Portuguese Ledge State Marine Conservation Area,SMCA,https://www.wildlife.ca.gov/Conservation/Marine/MPAs/Network/Title-14-Section-632#Section-632-b-74,74,Portuguese Ledge,6806.832475,2754.627372,42931727.47,27935.89674
53,79,Carmel Pinnacles SMR,Section 632 (b) (79),0.52742007,CCSR,Carmel Pinnacles State Marine Reserve,SMR,https://www.wildlife.ca.gov/Conservation/Marine/MPAs/Network/Title-14-Section-632#Section-632-b-79,79,Carmel Pinnacles,337.5501866,136.6017141,2121203.711,5880.2645
54,82,Point Lobos SMCA,Section 632 (b) (82),8.46681996,CCSR,Point Lobos State Marine Conservation Area,SMCA,https://www.wildlife.ca.gov/Conservation/Marine/MPAs/Network/Title-14-Section-632#Section-632-b-82,82,Point Lobos,5418.786321,2192.905022,34007705.79,23096.52611
55,84,Point Sur SMCA,Section 632 (b) (84),10.61762401,CCSR,Point Sur State Marine Conservation Area,SMCA,https://www.wildlife.ca.gov/Conservation/Marine/MPAs/Network/Title-14-Section-632#Section-632-b-84,84,Point Sur,6795.306389,2749.96293,42393418.98,29015.93377
56,88,Piedras Blancas SMCA,Section 632 (b) (88),8.83680004,CCSR,Piedras Blancas State Marine Conservation Area,SMCA,https://www.wildlife.ca.gov/Conservation/Marine/MPAs/Network/Title-14-Section-632#Section-632-b-88,88,Piedras Blancas,5655.574518,2288.729806,34761433.77,26633.92661
57,91,Morro Bay SMRMA,Section 632 (b) (91),3.06622712,CCSR,Morro Bay State Marine Recreational Management Area,SMRMA,https://www.wildlife.ca.gov/Conservation/Marine/MPAs/Network/Title-14-Section-632#Section-632-b-91,91,Morro Bay,1962.393164,794.1523378,11961537.61,28355.32012
58,92,Morro Bay SMR,Section 632 (b) (92),0.88147249,CCSR,Morro Bay State Marine Reserve,SMR,https://www.wildlife.ca.gov/Conservation/Marine/MPAs/Network/Title-14-Section-632#Section-632-b-92,92,Morro Bay,564.1446352,228.301234,3438638.984,11212.80299
59,95,Vandenberg SMR,Section 632 (b) (95),32.90693926,CCSR,Vandenberg State Marine Reserve,SMR,https://www.wildlife.ca.gov/Conservation/Marine/MPAs/Network/Title-14-Section-632#Section-632-b-95,95,Vandenberg,21060.52488,8522.892035,126282404.3,71196.85374
60,97,Kashtayit SMCA,Section 632 (b) (97),2.01746639,SCSR,Kashtayit State Marine Conservation Area,SMCA,https://www.wildlife.ca.gov/Conservation/Marine/MPAs/Network/Title-14-Section-632#Section-632-b-97,97,Kashtayit,1291.183625,522.5234746,7705597.352,11510.94757
61,100,Goleta Slough SMCA (No-Take),Section 632 (b) (100),0.15800503,SCSR,Goleta Slough State Marine Conservation Area,SMCA (No-Take),https://www.wildlife.ca.gov/Conservation/Marine/MPAs/Network/Title-14-Section-632#Section-632-b-100,100,Goleta Slough,101.1236229,40.92327828,602838.7813,15319.72067
62,101,Richardson Rock SMR,Section 632 (b) (101),40.74868812,SCSR,Richardson Rock State Marine Reserve,SMR,https://www.wildlife.ca.gov/Conservation/Marine/MPAs/Network/Title-14-Section-632#Section-632-b-101,101,Richardson Rock,26079.26411,10553.90374,154292788,48025.80656
63,102,San Miguel Island Special Closure,Section 632 (b) (102),0.86454794,SCSR,San Miguel Island Special Closure,Special Closure,https://www.wildlife.ca.gov/Conservation/Marine/MPAs/Network/Title-14-Section-632#Section-632-b-102,102,San Miguel Island Special Closure,553.3128814,223.9177788,3268634.898,19328.9304
64,103,Harris Point SMR,Section 632 (b) (103),25.3972158,SCSR,Harris Point State Marine Reserve,SMR,https://www.wildlife.ca.gov/Conservation/Marine/MPAs/Network/Title-14-Section-632#Section-632-b-103,103,Harris Point,16254.28275,6577.874855,96157423.06,53777.53727
65,105,Carrington Point SMR,Section 632 (b) (105),12.77991893,SCSR,Carrington Point State Marine Reserve,SMR,https://www.wildlife.ca.gov/Conservation/Marine/MPAs/Network/Title-14-Section-632#Section-632-b-105,105,Carrington Point,8179.180645,3309.996972,48324999.63,38226.59487
66,106,Skunk Point SMR,Section 632 (b) (106),1.46682897,SCSR,Skunk Point State Marine Reserve,SMR,https://www.wildlife.ca.gov/Conservation/Marine/MPAs/Network/Title-14-Section-632#Section-632-b-106,106,Skunk Point,938.7742757,379.9084707,5537493.215,11865.4521
67,107,South Point SMR,Section 632 (b) (107),13.0772612,SCSR,South Point State Marine Reserve,SMR,https://www.wildlife.ca.gov/Conservation/Marine/MPAs/Network/Title-14-Section-632#Section-632-b-107,107,South Point,8369.480455,3387.008573,49262858.75,31206.48435
68,108,Painted Cave SMCA,Section 632 (b) (108),1.78466967,SCSR,Painted Cave State Marine Conservation Area,SMCA,https://www.wildlife.ca.gov/Conservation/Marine/MPAs/Network/Title-14-Section-632#Section-632-b-108,108,Painted Cave,1142.193134,462.229162,6754179.969,13829.96627
69,109,Gull Island SMR,Section 632 (b) (109),19.93167546,SCSR,Gull Island State Marine Reserve,SMR,https://www.wildlife.ca.gov/Conservation/Marine/MPAs/Network/Title-14-Section-632#Section-632-b-109,109,Gull Island,12756.32302,5162.300775,75186386.04,34482.82532
70,110,Scorpion SMR,Section 632 (b) (110),9.63599763,SCSR,Scorpion State Marine Reserve,SMR,https://www.wildlife.ca.gov/Conservation/Marine/MPAs/Network/Title-14-Section-632#Section-632-b-110,110,Scorpion,6167.063008,2495.721854,36469926.27,28619.07255
71,111,Anacapa Island Special Closure,Section 632 (b) (111),1.02621789,SCSR,Anacapa Island Special Closure,Special Closure,https://www.wildlife.ca.gov/Conservation/Marine/MPAs/Network/Title-14-Section-632#Section-632-b-111,111,Anacapa Island Special Closure,656.7820628,265.7902709,3877857.715,49684.77362
72,112,Anacapa Island SMCA,Section 632 (b) (112),7.30173979,SCSR,Anacapa Island State Marine Conservation Area,SMCA,https://www.wildlife.ca.gov/Conservation/Marine/MPAs/Network/Title-14-Section-632#Section-632-b-112,112,Anacapa Island,4673.132049,1891.149445,27610786.87,24129.52442
73,113,Anacapa Island SMR,Section 632 (b) (113),11.54559417,SCSR,Anacapa Island State Marine Reserve,SMR,https://www.wildlife.ca.gov/Conservation/Marine/MPAs/Network/Title-14-Section-632#Section-632-b-113,113,Anacapa Island,7389.209657,2990.307056,43656419.91,30069.09598
74,114,Footprint SMR,Section 632 (b) (114),7.05443024,SCSR,Footprint State Marine Reserve,SMR,https://www.wildlife.ca.gov/Conservation/Marine/MPAs/Network/Title-14-Section-632#Section-632-b-114,114,Footprint,4514.853306,1827.09631,26629710.71,29783.5801
75,115,Begg Rock SMR,Section 632 (b) (115),37.96253171,SCSR,Begg Rock State Marine Reserve,SMR,https://www.wildlife.ca.gov/Conservation/Marine/MPAs/Network/Title-14-Section-632#Section-632-b-115,115,Begg Rock,24296.11691,9832.289678,141325783.7,42142.96218
76,116,Santa Barbara Island SMR,Section 632 (b) (116),12.76920122,SCSR,Santa Barbara Island State Marine Reserve,SMR,https://www.wildlife.ca.gov/Conservation/Marine/MPAs/Network/Title-14-Section-632#Section-632-b-116,116,Santa Barbara Island,8172.32128,3307.221086,47629929.05,28163.5687
77,123,Arrow Point to Lion Head Point SMCA,Section 632 (b) (123),0.65108345,SCSR,Arrow Point to Lion Head Point State Marine Conservation Area,SMCA,https://www.wildlife.ca.gov/Conservation/Marine/MPAs/Network/Title-14-Section-632#Section-632-b-123,123,Arrow Point to Lion Head Point,416.6950654,168.6305102,2429504.098,14523.13025
78,124,Blue Cavern Onshore SMCA (No-Take),Section 632 (b) (124),2.61414589,SCSR,Blue Cavern Onshore State Marine Conservation Area,SMCA (No-Take),https://www.wildlife.ca.gov/Conservation/Marine/MPAs/Network/Title-14-Section-632#Section-632-b-124,124,Blue Cavern Onshore,1673.060023,677.0633698,9750503.207,16427.98975
79,125,Blue Cavern Offshore SMCA,Section 632 (b) (125),7.69529653,SCSR,Blue Cavern Offshore State Marine Conservation Area,SMCA,https://www.wildlife.ca.gov/Conservation/Marine/MPAs/Network/Title-14-Section-632#Section-632-b-125,125,Blue Cavern Offshore,4925.009362,1993.080577,28727863.05,21881.50314
80,126,Long Point SMR,Section 632 (b) (126),1.66939233,SCSR,Long Point State Marine Reserve,SMR,https://www.wildlife.ca.gov/Conservation/Marine/MPAs/Network/Title-14-Section-632#Section-632-b-126,126,Long Point,1068.415341,432.3723485,6222255.73,12429.63427
81,127,Casino Point SMCA (No-Take),Section 632 (b) (127),0.00739836,SCSR,Casino Point State Marine Conservation Area,SMCA (No-Take),https://www.wildlife.ca.gov/Conservation/Marine/MPAs/Network/Title-14-Section-632#Section-632-b-127,127,Casino Point,4.73497021,1.91617446,27534.05078,819.3484352
82,128,Lover's Cove SMCA,Section 632 (b) (128),0.06059684,SCSR,Lover's Cove State Marine Conservation Area,SMCA,https://www.wildlife.ca.gov/Conservation/Marine/MPAs/Network/Title-14-Section-632#Section-632-b-128,128,Lover's Cove,38.78213495,15.69457319,225489.5352,2519.781448
83,129,Farnsworth Onshore SMCA,Section 632 (b) (129),2.59029159,SCSR,Farnsworth Onshore State Marine Conservation Area,SMCA,https://www.wildlife.ca.gov/Conservation/Marine/MPAs/Network/Title-14-Section-632#Section-632-b-129,129,Farnsworth Onshore,1657.793213,670.885111,9636904.301,14853.29528
84,130,Farnsworth Offshore SMCA,Section 632 (b) (130),6.6714869,SCSR,Farnsworth Offshore State Marine Conservation Area,SMCA,https://www.wildlife.ca.gov/Conservation/Marine/MPAs/Network/Title-14-Section-632#Section-632-b-130,130,Farnsworth Offshore,4269.768593,1727.914045,24820662.03,20453.79218
85,137,Batiquitos Lagoon SMCA (No-Take),Section 632 (b) (137),0.50623027,SCSR,Batiquitos Lagoon State Marine Conservation Area,SMCA (No-Take),https://www.wildlife.ca.gov/Conservation/Marine/MPAs/Network/Title-14-Section-632#Section-632-b-137,137,Batiquitos Lagoon,323.9886628,131.1135601,1872976.461,11770.97662
86,138,Swami's SMCA,Section 632 (b) (138),12.7079404,SCSR,Swami's State Marine Conservation Area,SMCA,https://www.wildlife.ca.gov/Conservation/Marine/MPAs/Network/Title-14-Section-632#Section-632-b-138,138,Swami's,8133.114197,3291.354542,46947660.33,28052.6889
87,139,San Elijo Lagoon SMCA (No-Take),Section 632 (b) (139),0.50148979,SCSR,San Elijo Lagoon State Marine Conservation Area,SMCA (No-Take),https://www.wildlife.ca.gov/Conservation/Marine/MPAs/Network/Title-14-Section-632#Section-632-b-139,139,San Elijo Lagoon,320.95474,129.8857751,1852075.875,18882.63841
88,140,San Dieguito Lagoon SMCA,Section 632 (b) (140),0.11313277,SCSR,San Dieguito Lagoon State Marine Conservation Area,SMCA,https://www.wildlife.ca.gov/Conservation/Marine/MPAs/Network/Title-14-Section-632#Section-632-b-140,140,San Dieguito Lagoon,72.4052588,29.30136866,417409.7305,3540.313645
89,141,San Diego-Scripps Coastal SMCA,Section 632 (b) (141),1.45688329,SCSR,San Diego-Scripps Coastal State Marine Conservation Area,SMCA,https://www.wildlife.ca.gov/Conservation/Marine/MPAs/Network/Title-14-Section-632#Section-632-b-141,141,San Diego-Scripps Coastal,932.4090126,377.3325401,5364269.563,9118.606517
90,142,Matlahuayl SMR,Section 632 (b) (142),1.03647093,SCSR,Matlahuayl State Marine Reserve,SMR,https://www.wildlife.ca.gov/Conservation/Marine/MPAs/Network/Title-14-Section-632#Section-632-b-142,142,Matlahuayl,663.3440361,268.4458073,3814914.348,8198.313107
91,143,South La Jolla SMR,Section 632 (b) (143),5.04371253,SCSR,South La Jolla State Marine Reserve,SMR,https://www.wildlife.ca.gov/Conservation/Marine/MPAs/Network/Title-14-Section-632#Section-632-b-143,143,South La Jolla,3227.988858,1306.320744,18546572.46,19436.87564
92,144,South La Jolla SMCA,Section 632 (b) (144),2.45962964,SCSR,South La Jolla State Marine Conservation Area,SMCA,https://www.wildlife.ca.gov/Conservation/Marine/MPAs/Network/Title-14-Section-632#Section-632-b-144,144,South La Jolla,1574.169229,637.0436853,9043941.258,12127.71591
93,145,Famosa Slough SMCA (No-Take),Section 632 (b) (145),0.03184934,SCSR,Famosa Slough State Marine Conservation Area,SMCA (No-Take),https://www.wildlife.ca.gov/Conservation/Marine/MPAs/Network/Title-14-Section-632#Section-632-b-145,145,Famosa Slough,20.38366013,8.24897459,116950.2109,2825.162148
94,146,Cabrillo SMR,Section 632 (b) (146),0.39052903,SCSR,Cabrillo State Marine Reserve,SMR,https://www.wildlife.ca.gov/Conservation/Marine/MPAs/Network/Title-14-Section-632#Section-632-b-146,146,Cabrillo,249.9395723,101.1469564,1431338.586,6959.317373
95,147,Tijuana River Mouth SMCA,Section 632 (b) (147),3.01558694,SCSR,Tijuana River Mouth State Marine Conservation Area,SMCA,https://www.wildlife.ca.gov/Conservation/Marine/MPAs/Network/Title-14-Section-632#Section-632-b-147,147,Tijuana River Mouth,1929.983316,781.0365379,11023606.38,13782.35512
96,148,Gull Island FMR,N/A,14.49770827,SCSR,Gull Island Federal Marine Reserve,FMR,http://federalregister.gov/a/E7-10096,0,Gull Island,9278.570193,3754.904138,54629888.21,33527.89957
97,149,Footprint FMR,N/A,21.31123705,SCSR,Footprint Federal Marine Reserve,FMR,http://federalregister.gov/a/E7-10096,0,Footprint,13639.24595,5519.607007,80395556.7,35920.15368
98,150,South Point FMR,N/A,1.88419327,SCSR,South Point Federal Marine Reserve,FMR,http://federalregister.gov/a/E7-10096,0,South Point,1205.888489,488.0057575,7094882,16424.5892
99,151,Richardson Rock FMR,N/A,31.97444022,SCSR,Richardson Rock Federal Marine Reserve,FMR,http://federalregister.gov/a/E7-10096,0,Richardson Rock,20463.72312,8281.374934,121102818.6,77330.96527
100,152,Harris Point FMR,N/A,23.62232893,SCSR,Harris Point Federal Marine Reserve,FMR,http://federalregister.gov/a/E7-10096,0,Harris Point,15118.35064,6118.179436,89584238.88,40939.30064
101,153,Scorpion FMR,N/A,8.80059199,SCSR,Scorpion Federal State Marine Reserve,FMR,http://federalregister.gov/a/E7-10096,0,Scorpion,5632.401269,2279.351925,33347616.06,23698.95288
102,154,Anacapa Island FMR,N/A,3.78533754,SCSR,Anacapa Island Federal Marine Reserve,FMR,http://federalregister.gov/a/E7-10096,0,Anacapa,2422.62566,980.401821,14323715.19,16657.72114
103,155,Anacapa Island FMCA,N/A,2.35296576,SCSR,Anacapa Island Federal Marine Conservation Area,FMCA,http://federalregister.gov/a/E7-10096,0,Anacapa,1505.904074,609.4177575,8904298.855,12615.55781
104,156,Santa Barbara Island FMR,N/A,43.96987382,SCSR,Santa Barbara Island Federal Marine Reserve,FMR,http://federalregister.gov/a/E7-10096,0,Santa Barbara Island,28140.83116,11388.19033,163888869.2,54784.46266
105,6,Reading Rock SMCA,Section 632 (b) (6),11.95939437,NCSR,Reading Rock State Marine Conservation Area,SMCA,https://www.wildlife.ca.gov/Conservation/Marine/MPAs/Network/Title-14-Section-632#Section-632-b-6,6,Reading Rock,7654.042834,3097.48124,54951947.16,30758.20948
106,11,South Cape Mendocino SMR,Section 632 (b) (11),9.07866481,NCSR,South Cape Mendocino State Marine Reserve,SMR,https://www.wildlife.ca.gov/Conservation/Marine/MPAs/Network/Title-14-Section-632#Section-632-b-11,11,South Cape Mendocino,5810.368586,2351.372743,40616251.13,34336.98162
107,22,MacKerricher SMCA,Section 632 (b) (22),2.48449364,NCSR,MacKerricher State Marine Conservation Area,SMCA,https://www.wildlife.ca.gov/Conservation/Marine/MPAs/Network/Title-14-Section-632#Section-632-b-22,22,MacKerricher,1590.082256,643.4834589,10816089.28,23960.81828
108,25,Big River Estuary SMCA,Section 632 (b) (25),0.12512796,NCSR,Big River Estuary State Marine Conservation Area,SMCA,https://www.wildlife.ca.gov/Conservation/Marine/MPAs/Network/Title-14-Section-632#Section-632-b-25,25,Big River Estuary,80.08221556,32.40812284,541956.5313,5720.089784
109,27,Navarro River Estuary SMCA,Section 632 (b) (27),0.09110947,NCSR,Navarro River Estuary State Marine Conservation Area,SMCA,https://www.wildlife.ca.gov/Conservation/Marine/MPAs/Network/Title-14-Section-632#Section-632-b-27,27,Navarro River Estuary,58.31029398,23.59733877,393426.2461,4625.317756
110,29,Point Arena SMCA,Section 632 (b) (29),6.73632497,NCCSR,Point Arena State Marine Conservation Area,SMCA,https://www.wildlife.ca.gov/Conservation/Marine/MPAs/Network/Title-14-Section-632#Section-632-b-29,29,Point Arena,4311.265127,1744.707097,28897569.64,20991.12538
111,32,Del Mar Landing SMR,Section 632 (b) (32),0.21626338,NCCSR,Del Mar Landing State Marine Reserve,SMR,https://www.wildlife.ca.gov/Conservation/Marine/MPAs/Network/Title-14-Section-632#Section-632-b-32,32,Del Mar Landing,138.4091162,56.01218208,922013.1289,5393.761471
112,35,Salt Point SMCA,Section 632 (b) (35),1.84024344,NCCSR,Salt Point State Marine Conservation Area,SMCA,https://www.wildlife.ca.gov/Conservation/Marine/MPAs/Network/Title-14-Section-632#Section-632-b-35,35,Salt Point,1177.760484,476.6227577,7809484.309,19890.41157
113,39,Bodega Head SMR,Section 632 (b) (39),9.34140737,NCCSR,Bodega Head State Marine Reserve,SMR,https://www.wildlife.ca.gov/Conservation/Marine/MPAs/Network/Title-14-Section-632#Section-632-b-39,39,Bodega Head,5978.524493,2419.423024,39365290.68,30169.4233
114,40,Bodega Head SMCA,Section 632 (b) (40),12.31398794,NCCSR,Bodega Head State Marine Conservation Area,SMCA,https://www.wildlife.ca.gov/Conservation/Marine/MPAs/Network/Title-14-Section-632#Section-632-b-40,40,Bodega Head,7880.983625,3189.32092,51824756.22,33926.75731
115,44,Point Reyes SMCA,Section 632 (b) (44),12.26625258,NCCSR,Point Reyes State Marine Conservation Area,SMCA,https://www.wildlife.ca.gov/Conservation/Marine/MPAs/Network/Title-14-Section-632#Section-632-b-44,44,Point Reyes,7850.432868,3176.957467,51188450.5,28947.64018
116,46,Estero de Limantour SMR,Section 632 (b) (46),1.44871278,NCCSR,Estero de Limantour State Marine Reserve,SMR,https://www.wildlife.ca.gov/Conservation/Marine/MPAs/Network/Title-14-Section-632#Section-632-b-46,46,Estero de Limantour,927.179866,375.2163796,6058485.422,32777.86313
117,47,Drakes Estero SMCA,Section 632 (b) (47),2.4982641,NCCSR,Drakes Estero State Marine Conservation Area,SMCA,https://www.wildlife.ca.gov/Conservation/Marine/MPAs/Network/Title-14-Section-632#Section-632-b-47,47,Drakes Estero,1598.895383,647.050005,10454895.63,48229.7626
118,43,Point Reyes SMR,Section 632 (b) (43),9.55088629,NCCSR,Point Reyes State Marine Reserve,SMR,https://www.wildlife.ca.gov/Conservation/Marine/MPAs/Network/Title-14-Section-632#Section-632-b-43,43,Point Reyes,6112.591535,2473.678031,39913410.23,44604.08602
119,66,Pillar Point SMCA,Section 632 (b) (66),6.7024368,NCCSR,Pillar Point State Marine Conservation Area,SMCA,https://www.wildlife.ca.gov/Conservation/Marine/MPAs/Network/Title-14-Section-632#Section-632-b-66,66,Pillar Point,4289.576612,1735.930066,27615102.36,22614.49228
120,65,Montara SMR,Section 632 (b) (65),11.80871803,NCCSR,Montara State Marine Reserve,SMR,https://www.wildlife.ca.gov/Conservation/Marine/MPAs/Network/Title-14-Section-632#Section-632-b-65,65,Montara,7557.609595,3058.456093,48707820.95,31013.45173
121,51,North Farallon Islands SMR,Section 632 (b) (51),18.06822354,NCCSR,North Farallon Islands State Marine Reserve,SMR,https://www.wildlife.ca.gov/Conservation/Marine/MPAs/Network/Title-14-Section-632#Section-632-b-51,51,North Farallon Islands,11563.70905,4679.667025,75075975.82,43586.97107
122,68,Greyhound Rock SMCA,Section 632 (b) (68),12.00218882,CCSR,Greyhound Rock State Marine Conservation Area,SMCA,https://www.wildlife.ca.gov/Conservation/Marine/MPAs/Network/Title-14-Section-632#Section-632-b-68,68,Greyhound Rock,7681.431393,3108.564997,48906631.97,34144.19474
123,67,Año Nuevo SMR,Section 632 (b) (67),11.14629513,CCSR,Año Nuevo State Marine Reserve,SMR,https://www.wildlife.ca.gov/Conservation/Marine/MPAs/Network/Title-14-Section-632#Section-632-b-67,67,Año Nuevo,7133.657251,2886.888666,45470594.5,47916.41071
124,75,Edward F. Ricketts SMCA,Section 632 (b) (75),0.22860494,CCSR,Edward F. Ricketts State Marine Conservation Area,SMCA,https://www.wildlife.ca.gov/Conservation/Marine/MPAs/Network/Title-14-Section-632#Section-632-b-75,75,Edward F. Ricketts,146.3077426,59.20864279,920769.0625,5304.644086
125,76,Lovers Point - Julia Platt SMR,Section 632 (b) (76),0.29511389,CCSR,Lovers Point - Julia Platt State Marine Reserve,SMR,https://www.wildlife.ca.gov/Conservation/Marine/MPAs/Network/Title-14-Section-632#Section-632-b-76,76,Lovers Point - Julia Platt,188.8736412,76.43445079,1188900.91,6495.952085
126,77,Pacific Grove Marine Gardens SMCA,Section 632 (b) (77),0.98191597,CCSR,Pacific Grove Marine Gardens State Marine Conservation Area,SMCA,https://www.wildlife.ca.gov/Conservation/Marine/MPAs/Network/Title-14-Section-632#Section-632-b-77,77,Pacific Grove Marine Gardens,628.4287206,254.3160804,3957353.207,11006.97858
127,78,Asilomar SMR,Section 632 (b) (78),1.50528091,CCSR,Asilomar State Marine Reserve,SMR,https://www.wildlife.ca.gov/Conservation/Marine/MPAs/Network/Title-14-Section-632#Section-632-b-78,78,Asilomar,963.3836122,389.8675158,6064376.902,14289.72187
128,80,Carmel Bay SMCA,Section 632 (b) (80),2.20134429,CCSR,Carmel Bay State Marine Conservation Area,SMCA,https://www.wildlife.ca.gov/Conservation/Marine/MPAs/Network/Title-14-Section-632#Section-632-b-80,80,Carmel Bay,1408.865951,570.1478221,8851957.582,17386.8647
129,81,Point Lobos SMR,Section 632 (b) (81),5.50099389,CCSR,Point Lobos State Marine Reserve,SMR,https://www.wildlife.ca.gov/Conservation/Marine/MPAs/Network/Title-14-Section-632#Section-632-b-81,81,Point Lobos,3520.650093,1424.756544,22095334.79,43877.97034
130,83,Point Sur SMR,Section 632 (b) (83),9.79161615,CCSR,Point Sur State Marine Reserve,SMR,https://www.wildlife.ca.gov/Conservation/Marine/MPAs/Network/Title-14-Section-632#Section-632-b-83,83,Point Sur,6266.659256,2536.027026,39106889.14,32441.43283
131,86,Big Creek SMCA,Section 632 (b) (86),7.84835008,CCSR,Big Creek State Marine Conservation Area,SMCA,https://www.wildlife.ca.gov/Conservation/Marine/MPAs/Network/Title-14-Section-632#Section-632-b-86,86,Big Creek,5022.964027,2032.721423,31201886.68,23685.92686
132,85,Big Creek SMR,Section 632 (b) (85),14.51410176,CCSR,Big Creek State Marine Reserve,SMR,https://www.wildlife.ca.gov/Conservation/Marine/MPAs/Network/Title-14-Section-632#Section-632-b-85,85,Big Creek,9289.062069,3759.150049,57660433.27,44071.43761
133,87,Piedras Blancas SMR,Section 632 (b) (87),10.43744906,CCSR,Piedras Blancas State Marine Reserve,SMR,https://www.wildlife.ca.gov/Conservation/Marine/MPAs/Network/Title-14-Section-632#Section-632-b-87,87,Piedras Blancas,6679.993964,2703.297648,41066606.32,38982.60184
134,89,Cambria SMCA,Section 632 (b) (89),6.25528972,CCSR,Cambria State Marine Conservation Area,SMCA,https://www.wildlife.ca.gov/Conservation/Marine/MPAs/Network/Title-14-Section-632#Section-632-b-89,89,Cambria,4003.401339,1620.119042,24559462.7,31997.70076
135,90,White Rock SMCA,Section 632 (b) (90),2.91076668,CCSR,White Rock State Marine Conservation Area,SMCA,https://www.wildlife.ca.gov/Conservation/Marine/MPAs/Network/Title-14-Section-632#Section-632-b-90,90,White Rock,1862.898082,753.8881066,11407874.15,19752.69804
136,151,Point Buchon SMCA,Section 632 (b) (94),12.18935569,CCSR,Point Buchon State Marine Conservation Area,SMCA,https://www.wildlife.ca.gov/Conservation/Marine/MPAs/Network/Title-14-Section-632#Section-632-b-94,94,Point Buchon,7801.218666,3157.041186,47400395.3,31443.38352
137,150,Point Buchon SMR,Section 632 (b) (93),6.68409478,CCSR,Point Buchon State Marine Reserve,SMR,https://www.wildlife.ca.gov/Conservation/Marine/MPAs/Network/Title-14-Section-632#Section-632-b-93,93,Point Buchon,4277.837672,1731.179486,26009811.72,29526.73773
138,96,Point Conception SMR,Section 632 (b) (96),22.52344824,SCSR,Point Conception State Marine Reserve,SMR,https://www.wildlife.ca.gov/Conservation/Marine/MPAs/Network/Title-14-Section-632#Section-632-b-96,96,Point Conception,14415.0642,5833.569513,85940945.47,41091.20976
139,98,Naples SMCA,Section 632 (b) (98),2.60155798,SCSR,Naples State Marine Conservation Area,SMCA,https://www.wildlife.ca.gov/Conservation/Marine/MPAs/Network/Title-14-Section-632#Section-632-b-98,98,Naples,1665.003727,673.8031024,9927892.996,13755.92148
140,99,Campus Point SMCA (No-Take),Section 632 (b) (99),10.55959508,SCSR,Campus Point State Marine Conservation Area,SMCA (No-Take),https://www.wildlife.ca.gov/Conservation/Marine/MPAs/Network/Title-14-Section-632#Section-632-b-99,99,Campus Point,6758.167725,2734.933446,40253601.24,27546.65365
141,104,Judith Rock SMR,Section 632 (b) (104),4.55737694,SCSR,Judith Rock State Marine Reserve,SMR,https://www.wildlife.ca.gov/Conservation/Marine/MPAs/Network/Title-14-Section-632#Section-632-b-104,104,Judith Rock,2916.732843,1180.359904,17218019.91,20605.57065
142,117,Point Dume SMCA,Section 632 (b) (117),15.92034847,SCSR,Point Dume State Marine Conservation Area,SMCA,https://www.wildlife.ca.gov/Conservation/Marine/MPAs/Network/Title-14-Section-632#Section-632-b-117,117,Point Dume,10189.06354,4123.367722,60141953.42,33272.04012
143,118,Point Dume SMR,Section 632 (b) (118),7.53224473,SCSR,Point Dume State Marine Reserve,SMR,https://www.wildlife.ca.gov/Conservation/Marine/MPAs/Network/Title-14-Section-632#Section-632-b-118,118,Point Dume,4820.655801,1950.850189,28441700.75,27540.08341
144,120,Abalone Cove SMCA,Section 632 (b) (120),4.79421435,SCSR,Abalone Cove State Marine Conservation Area,SMCA,https://www.wildlife.ca.gov/Conservation/Marine/MPAs/Network/Title-14-Section-632#Section-632-b-120,120,Abalone Cove,3068.309387,1241.700755,17991584.89,20190.7698
145,119,Point Vicente SMCA (No-Take),Section 632 (b) (119),15.04456164,SCSR,Point Vicente State Marine Conservation Area,SMCA (No-Take),https://www.wildlife.ca.gov/Conservation/Marine/MPAs/Network/Title-14-Section-632#Section-632-b-119,119,Point Vicente,9628.557742,3896.539074,56465073.34,31128.84634
146,121,Bolsa Bay SMCA,Section 632 (b) (121),0.06924646,SCSR,Bolsa Bay State Marine Conservation Area,SMCA,https://www.wildlife.ca.gov/Conservation/Marine/MPAs/Network/Title-14-Section-632#Section-632-b-121,121,Bolsa Bay,44.31791063,17.93482212,259833.7656,3332.511336
147,122,Bolsa Chica Basin SMCA (No-Take),Section 632 (b) (122),0.70276937,SCSR,Bolsa Chica Basin State Marine Conservation Area,SMCA (No-Take),https://www.wildlife.ca.gov/Conservation/Marine/MPAs/Network/Title-14-Section-632#Section-632-b-122,122,Bolsa Chica Basin,449.7741832,182.0171542,2636295.871,18551.51022
148,131,Cat Harbor SMCA,Section 632 (b) (131),0.25790834,SCSR,Cat Harbor State Marine Conservation Area,SMCA,https://www.wildlife.ca.gov/Conservation/Marine/MPAs/Network/Title-14-Section-632#Section-632-b-131,131,Cat Harbor,165.0619922,66.79821831,961588.4883,6365.629875
149,132,Upper Newport Bay SMCA,Section 632 (b) (132),1.24273566,SCSR,Upper Newport Bay State Marine Conservation Area,SMCA,https://www.wildlife.ca.gov/Conservation/Marine/MPAs/Network/Title-14-Section-632#Section-632-b-132,132,Upper Newport Bay,795.3539844,321.868338,4655641.828,27920.72069
150,135,Laguna Beach SMCA (No-Take),Section 632 (b) (135),3.09166022,SCSR,Laguna Beach State Marine Conservation Area,SMCA (No-Take),https://www.wildlife.ca.gov/Conservation/Marine/MPAs/Network/Title-14-Section-632#Section-632-b-135,135,Laguna Beach,1978.670407,800.7395043,11546090.4,18925.82811
151,133,Crystal Cove SMCA,Section 632 (b) (133),3.52796653,SCSR,Crystal Cove State Marine Conservation Area,SMCA,https://www.wildlife.ca.gov/Conservation/Marine/MPAs/Network/Title-14-Section-632#Section-632-b-133,133,Crystal Cove,2257.907561,913.7427716,13198351.86,21241.3945
152,134,Laguna Beach SMR,Section 632 (b) (134),6.71532994,SCSR,Laguna Beach State Marine Reserve,SMR,https://www.wildlife.ca.gov/Conservation/Marine/MPAs/Network/Title-14-Section-632#Section-632-b-134,134,Laguna Beach,4297.828256,1739.269388,25097367.32,25109.59386
153,136,Dana Point SMCA,Section 632 (b) (136),3.46825382,SCSR,Dana Point State Marine Conservation Area,SMCA,https://www.wildlife.ca.gov/Conservation/Marine/MPAs/Network/Title-14-Section-632#Section-632-b-136,136,Dana Point,2219.691271,898.2771877,12948773.68,21900.90655
154,33,Stewarts Point SMCA,Section 632 (b) (33),1.21327564,NCCSR,Stewarts Point State Marine Conservation Area,SMCA,https://www.wildlife.ca.gov/Conservation/Marine/MPAs/Network/Title-14-Section-632#Section-632-b-33,33,Stewarts Point,758.4121447,306.9185059,5158725.965,22877.45954
155,34,Stewarts Point SMR,Section 632 (b) (34),24.03212876,NCCSR,Stewarts Point State Marine Reserve,SMR,https://www.wildlife.ca.gov/Conservation/Marine/MPAs/Network/Title-14-Section-632#Section-632-b-34,34,Stewarts Point,15398.71093,6231.637222,102158645.6,54819.40787
=======,,,,,,,,,,,,,,
﻿OBJECTID_1,OBJECTID,NAME,CCR,Area_sq_mi,Study_Regi,FULLNAME,Type,DFG_URL,CCR_Int,SHORTNAME,Acres,Hectares,Shape__Area,Shape__Length
1,1,Pyramid Point SMCA,Section 632 (b) (1),13.9935561,NCSR,Pyramid Point State Marine Conservation Area,SMCA,https://www.wildlife.ca.gov/Conservation/Marine/MPAs/Network/Title-14-Section-632#Section-632-b-1,1,Pyramid Point,8955.911523,3624.328806,65634640.46,36841.20996
2,2,Point St. George Reef Offshore SMCA,Section 632 (b) (2),9.52324022,NCSR,Point St. George Reef Offshore State Marine Conservation Area,SMCA,https://www.wildlife.ca.gov/Conservation/Marine/MPAs/Network/Title-14-Section-632#Section-632-b-2,2,Point St. George Reef Offshore,6094.897977,2466.517702,44473990.09,25879.58167
3,3,Southwest Seal Rock Special Closure,Section 632 (b) (3),0.02234482,NCSR,Southwest Seal Rock Special Closure,Special Closure,https://www.wildlife.ca.gov/Conservation/Marine/MPAs/Network/Title-14-Section-632#Section-632-b-3,3,Southwest Seal Rock,14.30073886,5.78730369,104261.2031,1638.296108
4,4,Castle Rock Special Closure,Section 632 (b) (4),0.05377085,NCSR,Castle Rock Special Closure,Special Closure,https://www.wildlife.ca.gov/Conservation/Marine/MPAs/Network/Title-14-Section-632#Section-632-b-4,4,Castle Rock,34.41348201,13.92664207,250489.0938,3697.977977
5,5,False Klamath Rock Special Closure,Section 632 (b) (5),0.02679051,NCSR,False Klamath Rock Special Closure,Special Closure,https://www.wildlife.ca.gov/Conservation/Marine/MPAs/Network/Title-14-Section-632#Section-632-b-5,5,False Klamath Rock,17.14599171,6.93873667,124159.6016,2005.228679
6,7,Reading Rock SMR,Section 632 (b) (7),9.60277944,NCSR,Reading Rock State Marine Reserve,SMR,https://www.wildlife.ca.gov/Conservation/Marine/MPAs/Network/Title-14-Section-632#Section-632-b-7,7,Reading Rock,6145.803282,2487.118348,44122589.13,26835.52822
7,8,Samoa SMCA,Section 632 (b) (8),13.06327606,NCSR,Samoa State Marine Conservation Area,SMCA,https://www.wildlife.ca.gov/Conservation/Marine/MPAs/Network/Title-14-Section-632#Section-632-b-8,8,Samoa,8360.529928,3383.386423,59264006.93,31815.08863
8,9,South Humboldt Bay SMRMA,Section 632 (b) (9),0.80535423,NCSR,South Humboldt Bay State Marine Recreational Managment Area,SMRMA,https://www.wildlife.ca.gov/Conservation/Marine/MPAs/Network/Title-14-Section-632#Section-632-b-9,9,South Humboldt Bay,515.4287552,208.5866168,3633597.902,8616.237747
9,10,Sugarloaf Island Special Closure,Section 632 (b) (10),0.03248719,NCSR,Sugarloaf Island Special Closure,Special Closure,https://www.wildlife.ca.gov/Conservation/Marine/MPAs/Network/Title-14-Section-632#Section-632-b-10,10,Sugarloaf Island,20.79188457,8.41417716,145410.2813,2461.811752
10,12,Steamboat Rock Special Closure,Section 632 (b) (12),0.01789157,NCSR,Steamboat Rock Special Closure,Special Closure,https://www.wildlife.ca.gov/Conservation/Marine/MPAs/Network/Title-14-Section-632#Section-632-b-12,12,Steamboat Rock,11.45065057,4.63391388,80026.13281,1333.875685
11,13,Mattole Canyon SMR,Section 632 (b) (13),9.79397262,NCSR,Mattole Canyon State Marine Reserve,SMR,https://www.wildlife.ca.gov/Conservation/Marine/MPAs/Network/Title-14-Section-632#Section-632-b-13,13,Mattole Canyon,6268.167404,2536.637352,43669210.21,27436.88954
12,14,Sea Lion Gulch SMR,Section 632 (b) (14),10.41629031,NCSR,Sea Lion Gulch State Marine Reserve,SMR,https://www.wildlife.ca.gov/Conservation/Marine/MPAs/Network/Title-14-Section-632#Section-632-b-14,14,Sea Lion Gulch,6666.452308,2697.817534,46336709.21,33274.59273
13,15,Big Flat SMCA,Section 632 (b) (15),11.58751591,NCSR,Big Flat State Marine Conservation Area,SMCA,https://www.wildlife.ca.gov/Conservation/Marine/MPAs/Network/Title-14-Section-632#Section-632-b-15,15,Big Flat,7416.039675,3001.164779,51409227.75,37728.10129
14,16,Double Cone Rock SMCA,Section 632 (b) (16),18.49257879,NCSR,Double Cone Rock State Marine Conservation Area,SMCA,https://www.wildlife.ca.gov/Conservation/Marine/MPAs/Network/Title-14-Section-632#Section-632-b-16,16,Double Cone Rock,11835.29749,4789.574966,81178109.22,44209.06398
15,18,Vizcaino Rock Special Closure,Section 632 (b) (18),0.0220967,NCSR,Vizcaino Rock Special Closure,Special Closure,https://www.wildlife.ca.gov/Conservation/Marine/MPAs/Network/Title-14-Section-632#Section-632-b-18,18,Vizcaino Rock,14.14194694,5.72304288,96872.97656,1854.330758
16,19,Ten Mile SMR,Section 632 (b) (19),11.9478486,NCSR,Ten Mile State Marine Reserve,SMR,https://www.wildlife.ca.gov/Conservation/Marine/MPAs/Network/Title-14-Section-632#Section-632-b-19,19,Ten Mile,7646.653512,3094.490887,52154910.8,38671.80761
17,20,Ten Mile Beach SMCA,Section 632 (b) (20),3.53883626,NCSR,Ten Mile Beach State Marine Conservation Area,SMCA,https://www.wildlife.ca.gov/Conservation/Marine/MPAs/Network/Title-14-Section-632#Section-632-b-20,20,Ten Mile Beach,2264.864216,916.5580297,15434117.56,20317.45654
18,21,Ten Mile Estuary SMCA,Section 632 (b) (21),0.18425979,NCSR,Ten Mile Estuary State Marine Conservation Area,SMCA,https://www.wildlife.ca.gov/Conservation/Marine/MPAs/Network/Title-14-Section-632#Section-632-b-21,21,Ten Mile Estuary,117.9267315,47.72325507,803612.9844,8243.919126
19,23,Point Cabrillo SMR,Section 632 (b) (23),0.44074342,NCSR,Point Cabrillo State Marine Reserve,SMR,https://www.wildlife.ca.gov/Conservation/Marine/MPAs/Network/Title-14-Section-632#Section-632-b-23,23,Point Cabrillo,282.0769134,114.1524769,1911543.875,10644.14693
20,24,Russian Gulch SMCA,Section 632 (b) (24),0.21789763,NCSR,Russian Gulch State Marine Conservation Area,SMCA,https://www.wildlife.ca.gov/Conservation/Marine/MPAs/Network/Title-14-Section-632#Section-632-b-24,24,Russian Gulch,139.4550364,56.43545096,944428.6992,7022.063442
21,26,Van Damme SMCA,Section 632 (b) (26),0.05666463,NCSR,Van Damme State Marine Conservation Area,SMCA,https://www.wildlife.ca.gov/Conservation/Marine/MPAs/Network/Title-14-Section-632#Section-632-b-26,26,Van Damme,36.26550573,14.67612948,245217.1328,2234.843265
22,28,Point Arena SMR,Section 632 (b) (28),4.3777799,NCCSR,Point Arena State Marine Reserve,SMR,https://www.wildlife.ca.gov/Conservation/Marine/MPAs/Network/Title-14-Section-632#Section-632-b-28,28,Point Arena,2801.790279,1133.844298,18779439.86,20589.50558
23,30,Sea Lion Cove SMCA,Section 632 (b) (30),0.22405729,NCCSR,Sea Lion Cove State Marine Conservation Area,SMCA,https://www.wildlife.ca.gov/Conservation/Marine/MPAs/Network/Title-14-Section-632#Section-632-b-30,30,Sea Lion Cove,143.3972343,58.03080187,960433.5938,5711.541829
24,31,Saunders Reef SMCA,Section 632 (b) (31),9.36083612,NCCSR,Saunders Reef State Marine Conservation Area,SMCA,https://www.wildlife.ca.gov/Conservation/Marine/MPAs/Network/Title-14-Section-632#Section-632-b-31,31,Saunders Reef,5990.95894,2424.455066,40027194.26,34556.96212
25,36,Gerstle Cove SMR,Section 632 (b) (36),0.01016289,NCCSR,Gerstle Cove State Marine Reserve,SMR,https://www.wildlife.ca.gov/Conservation/Marine/MPAs/Network/Title-14-Section-632#Section-632-b-36,36,Gerstle Cove,6.50427259,2.63218573,43120.77734,981.6616092
26,37,Russian River SMRMA,Section 632 (b) (37),0.35530902,NCCSR,Russian River State Marine Recreational Management Area,SMRMA,https://www.wildlife.ca.gov/Conservation/Marine/MPAs/Network/Title-14-Section-632#Section-632-b-37,37,Russian River,227.398678,92.02498006,1502514.371,10469.39495
27,38,Russian River SMCA,Section 632 (b) (38),0.84052394,NCCSR,Russian River State Marine Conservation Area,SMCA,https://www.wildlife.ca.gov/Conservation/Marine/MPAs/Network/Title-14-Section-632#Section-632-b-38,38,Russian River,537.9374622,217.6955674,3554603.094,7646.711238
28,41,Estero Americano SMRMA,Section 632 (b) (41),0.13099226,NCCSR,Estero Americano State Marine Recreational Management Area,SMRMA,https://www.wildlife.ca.gov/Conservation/Marine/MPAs/Network/Title-14-Section-632#Section-632-b-41,41,Estero Americano,83.83538231,33.92697553,551768.5234,7516.314352
29,42,Estero de San Antonio SMRMA,Section 632 (b) (42),0.07274201,NCCSR,Estero de San Antonio State Marine Recreational Management Area,SMRMA,https://www.wildlife.ca.gov/Conservation/Marine/MPAs/Network/Title-14-Section-632#Section-632-b-42,42,Estero de San Antonio,46.55507029,18.84016852,306149.0742,10621.58619
30,45,Point Reyes Headlands Special Closure,Section 632 (b) (45),0.67195492,NCCSR,Point Reyes Headlands Special Closure,Special Closure,https://www.wildlife.ca.gov/Conservation/Marine/MPAs/Network/Title-14-Section-632#Section-632-b-45,45,Point Reyes Headlands,430.0528607,174.0362181,2806641.523,16807.47175
31,48,Point Resistance Rock Special Closure,Section 632 (b) (48),0.01457196,NCCSR,Point Resistance Rock Special Closure,Special Closure,https://www.wildlife.ca.gov/Conservation/Marine/MPAs/Network/Title-14-Section-632#Section-632-b-48,48,Point Resistance Rock,9.32609193,3.7741355,60876.02734,876.8339553
32,49,Double Point/Stormy Stack Rock Special Closure,Section 632 (b) (49),0.02247861,NCCSR,Double Point/Stormy Stack Rock Special Closure,Special Closure,https://www.wildlife.ca.gov/Conservation/Marine/MPAs/Network/Title-14-Section-632#Section-632-b-49,49,Double Point/Stormy Stack Rock,14.38636711,5.82195621,93776.96875,1105.46253
33,50,Duxbury Reef SMCA,Section 632 (b) (50),0.69045393,NCCSR,Duxbury Reef State Marine Conservation Area,SMCA,https://www.wildlife.ca.gov/Conservation/Marine/MPAs/Network/Title-14-Section-632#Section-632-b-50,50,Duxbury Reef,441.8922693,178.8274568,2877153.598,15248.65558
34,52,North Farallon Islands Special Closure,Section 632 (b) (52),0.21287143,NCCSR,North Farallon Islands Special Closure,Special Closure,https://www.wildlife.ca.gov/Conservation/Marine/MPAs/Network/Title-14-Section-632#Section-632-b-52,52,North Farallon Islands,136.2382602,55.13366782,883843,7355.073536
35,53,Southeast Farallon Island SMR,Section 632 (b) (53),5.35546898,NCCSR,Southeast Farallon Island State Marine Reserve,SMR,https://www.wildlife.ca.gov/Conservation/Marine/MPAs/Network/Title-14-Section-632#Section-632-b-53,53,Southeast Farallon Island,3427.513776,1387.065614,22189599.81,31439.85792
36,54,Southeast Farallon Island SMCA,Section 632 (b) (54),12.94918523,NCCSR,Southeast Farallon Island State Marine Conservation Area,SMCA,https://www.wildlife.ca.gov/Conservation/Marine/MPAs/Network/Title-14-Section-632#Section-632-b-54,54,Southeast Farallon Island,8287.511504,3353.836916,53627764.48,36162.32813
37,55,Southeast Farallon Island Special Closure,Section 632 (b) (55),0.18424907,NCCSR,Southeast Farallon Island Special Closure,Special Closure,https://www.wildlife.ca.gov/Conservation/Marine/MPAs/Network/Title-14-Section-632#Section-632-b-55,55,Southeast Farallon Island,117.9198718,47.72047903,763534.7891,16546.96036
38,56,Fagan Marsh SMP,Section 632 (b) (56),0.65967875,SFBSR,Fagan Marsh State Marine Park,SMP,https://www.wildlife.ca.gov/Conservation/Marine/MPAs/Network/Title-14-Section-632#Section-632-b-56,56,Fagan Marsh,422.1960806,170.856692,2772377.141,10020.22397
39,57,Peytonia Slough SMP,Section 632 (b) (57),0.81925494,SFBSR,Peytonia Slough State Marine Park,SMP,https://www.wildlife.ca.gov/Conservation/Marine/MPAs/Network/Title-14-Section-632#Section-632-b-57,57,Peytonia Slough,524.3252488,212.1869001,3443481.277,13350.75829
40,58,Corte Madera Marsh SMP,Section 632 (b) (58),0.94563449,SFBSR,Corte Madera Marsh State Marine Park,SMP,https://www.wildlife.ca.gov/Conservation/Marine/MPAs/Network/Title-14-Section-632#Section-632-b-58,58,Corte Madera Marsh,605.2084783,244.9191818,3943519.781,14944.41571
41,59,Marin Islands SMP,Section 632 (b) (59),0.54691962,SFBSR,Marin Islands State Marine Park,SMP,https://www.wildlife.ca.gov/Conservation/Marine/MPAs/Network/Title-14-Section-632#Section-632-b-59,59,Marin Islands,350.0299508,141.6520955,2283030.551,11577.39817
42,60,Albany Mudflats SMP,Section 632 (b) (60),0.25749855,SFBSR,Albany Mudflats State Marine Park,SMP,https://www.wildlife.ca.gov/Conservation/Marine/MPAs/Network/Title-14-Section-632#Section-632-b-60,60,Albany Mudflats,164.7997292,66.69208425,1072667.156,5440.694744
43,61,Robert W. Crown SMCA,Section 632 (b) (61),0.01450446,SFBSR,Robert W. Crown State Marine Conservation Area,SMCA,https://www.wildlife.ca.gov/Conservation/Marine/MPAs/Network/Title-14-Section-632#Section-632-b-61,61,Robert W. Crown,9.28289198,3.7566531,60217.89453,2087.825728
44,62,Redwood Shores SMP,Section 632 (b) (62),0.34448674,SFBSR,Redwood Shores State Marine Park,SMP,https://www.wildlife.ca.gov/Conservation/Marine/MPAs/Network/Title-14-Section-632#Section-632-b-62,62,Redwood Shores,220.4723903,89.22201087,1421686.512,24819.12762
45,63,Bair Island SMP,Section 632 (b) (63),3.01832347,SFBSR,Bair Island State Marine Park,SMP,https://www.wildlife.ca.gov/Conservation/Marine/MPAs/Network/Title-14-Section-632#Section-632-b-63,63,Bair Island,1931.734706,781.7453,12450713.13,26314.0313
46,64,Egg (Devil's Slide) Rock to Devil's Slide Special Closure,Section 632 (b) (64),0.05015163,NCCSR,Egg (Devil's Slide) Rock to Devil's Slide Special Closure,Special Closure,https://www.wildlife.ca.gov/Conservation/Marine/MPAs/Network/Title-14-Section-632#Section-632-b-64,64,Egg (Devil's Slide) Rock to Devil's Slide,32.09716873,12.98926334,207158.8477,1822.385234
47,69,Natural Bridges SMR,Section 632 (b) (69),0.25388004,CCSR,Natural Bridges State Marine Reserve,SMR,https://www.wildlife.ca.gov/Conservation/Marine/MPAs/Network/Title-14-Section-632#Section-632-b-69,69,Natural Bridges,162.4838701,65.75488933,1031661.633,22169.5385
48,70,Elkhorn Slough SMR,Section 632 (b) (70),2.72128592,CCSR,Elkhorn Slough State Marine Reserve,SMR,https://www.wildlife.ca.gov/Conservation/Marine/MPAs/Network/Title-14-Section-632#Section-632-b-70,70,Elkhorn Slough,1741.629918,704.8126218,11019448.32,53313.95159
49,71,Elkhorn Slough SMCA,Section 632 (b) (71),0.21650934,CCSR,Elkhorn Slough State Marine Conservation Area,SMCA,https://www.wildlife.ca.gov/Conservation/Marine/MPAs/Network/Title-14-Section-632#Section-632-b-71,71,Elkhorn Slough,138.5665268,56.07588388,876552.6563,5410.40573
50,72,Moro Cojo Slough SMR,Section 632 (b) (72),0.20321996,CCSR,Moro Cojo Slough State Marine Reserve,SMR,https://www.wildlife.ca.gov/Conservation/Marine/MPAs/Network/Title-14-Section-632#Section-632-b-72,72,Moro Cojo Sloug,130.0612906,52.63393691,822375.7734,16879.1889
51,73,Soquel Canyon SMCA,Section 632 (b) (73),22.96827363,CCSR,Soquel Canyon State Marine Conservation Area,SMCA,https://www.wildlife.ca.gov/Conservation/Marine/MPAs/Network/Title-14-Section-632#Section-632-b-73,73,Soquel Canyon,14699.75358,5948.779217,93012248.35,40851.25883
52,74,Portuguese Ledge SMCA,Section 632 (b) (74),10.63563345,CCSR,Portuguese Ledge State Marine Conservation Area,SMCA,https://www.wildlife.ca.gov/Conservation/Marine/MPAs/Network/Title-14-Section-632#Section-632-b-74,74,Portuguese Ledge,6806.832475,2754.627372,42931727.47,27935.89674
53,79,Carmel Pinnacles SMR,Section 632 (b) (79),0.52742007,CCSR,Carmel Pinnacles State Marine Reserve,SMR,https://www.wildlife.ca.gov/Conservation/Marine/MPAs/Network/Title-14-Section-632#Section-632-b-79,79,Carmel Pinnacles,337.5501866,136.6017141,2121203.711,5880.2645
54,82,Point Lobos SMCA,Section 632 (b) (82),8.46681996,CCSR,Point Lobos State Marine Conservation Area,SMCA,https://www.wildlife.ca.gov/Conservation/Marine/MPAs/Network/Title-14-Section-632#Section-632-b-82,82,Point Lobos,5418.786321,2192.905022,34007705.79,23096.52611
55,84,Point Sur SMCA,Section 632 (b) (84),10.61762401,CCSR,Point Sur State Marine Conservation Area,SMCA,https://www.wildlife.ca.gov/Conservation/Marine/MPAs/Network/Title-14-Section-632#Section-632-b-84,84,Point Sur,6795.306389,2749.96293,42393418.98,29015.93377
56,88,Piedras Blancas SMCA,Section 632 (b) (88),8.83680004,CCSR,Piedras Blancas State Marine Conservation Area,SMCA,https://www.wildlife.ca.gov/Conservation/Marine/MPAs/Network/Title-14-Section-632#Section-632-b-88,88,Piedras Blancas,5655.574518,2288.729806,34761433.77,26633.92661
57,91,Morro Bay SMRMA,Section 632 (b) (91),3.06622712,CCSR,Morro Bay State Marine Recreational Management Area,SMRMA,https://www.wildlife.ca.gov/Conservation/Marine/MPAs/Network/Title-14-Section-632#Section-632-b-91,91,Morro Bay,1962.393164,794.1523378,11961537.61,28355.32012
58,92,Morro Bay SMR,Section 632 (b) (92),0.88147249,CCSR,Morro Bay State Marine Reserve,SMR,https://www.wildlife.ca.gov/Conservation/Marine/MPAs/Network/Title-14-Section-632#Section-632-b-92,92,Morro Bay,564.1446352,228.301234,3438638.984,11212.80299
59,95,Vandenberg SMR,Section 632 (b) (95),32.90693926,CCSR,Vandenberg State Marine Reserve,SMR,https://www.wildlife.ca.gov/Conservation/Marine/MPAs/Network/Title-14-Section-632#Section-632-b-95,95,Vandenberg,21060.52488,8522.892035,126282404.3,71196.85374
60,97,Kashtayit SMCA,Section 632 (b) (97),2.01746639,SCSR,Kashtayit State Marine Conservation Area,SMCA,https://www.wildlife.ca.gov/Conservation/Marine/MPAs/Network/Title-14-Section-632#Section-632-b-97,97,Kashtayit,1291.183625,522.5234746,7705597.352,11510.94757
61,100,Goleta Slough SMCA (No-Take),Section 632 (b) (100),0.15800503,SCSR,Goleta Slough State Marine Conservation Area,SMCA (No-Take),https://www.wildlife.ca.gov/Conservation/Marine/MPAs/Network/Title-14-Section-632#Section-632-b-100,100,Goleta Slough,101.1236229,40.92327828,602838.7813,15319.72067
62,101,Richardson Rock SMR,Section 632 (b) (101),40.74868812,SCSR,Richardson Rock State Marine Reserve,SMR,https://www.wildlife.ca.gov/Conservation/Marine/MPAs/Network/Title-14-Section-632#Section-632-b-101,101,Richardson Rock,26079.26411,10553.90374,154292788,48025.80656
63,102,San Miguel Island Special Closure,Section 632 (b) (102),0.86454794,SCSR,San Miguel Island Special Closure,Special Closure,https://www.wildlife.ca.gov/Conservation/Marine/MPAs/Network/Title-14-Section-632#Section-632-b-102,102,San Miguel Island Special Closure,553.3128814,223.9177788,3268634.898,19328.9304
64,103,Harris Point SMR,Section 632 (b) (103),25.3972158,SCSR,Harris Point State Marine Reserve,SMR,https://www.wildlife.ca.gov/Conservation/Marine/MPAs/Network/Title-14-Section-632#Section-632-b-103,103,Harris Point,16254.28275,6577.874855,96157423.06,53777.53727
65,105,Carrington Point SMR,Section 632 (b) (105),12.77991893,SCSR,Carrington Point State Marine Reserve,SMR,https://www.wildlife.ca.gov/Conservation/Marine/MPAs/Network/Title-14-Section-632#Section-632-b-105,105,Carrington Point,8179.180645,3309.996972,48324999.63,38226.59487
66,106,Skunk Point SMR,Section 632 (b) (106),1.46682897,SCSR,Skunk Point State Marine Reserve,SMR,https://www.wildlife.ca.gov/Conservation/Marine/MPAs/Network/Title-14-Section-632#Section-632-b-106,106,Skunk Point,938.7742757,379.9084707,5537493.215,11865.4521
67,107,South Point SMR,Section 632 (b) (107),13.0772612,SCSR,South Point State Marine Reserve,SMR,https://www.wildlife.ca.gov/Conservation/Marine/MPAs/Network/Title-14-Section-632#Section-632-b-107,107,South Point,8369.480455,3387.008573,49262858.75,31206.48435
68,108,Painted Cave SMCA,Section 632 (b) (108),1.78466967,SCSR,Painted Cave State Marine Conservation Area,SMCA,https://www.wildlife.ca.gov/Conservation/Marine/MPAs/Network/Title-14-Section-632#Section-632-b-108,108,Painted Cave,1142.193134,462.229162,6754179.969,13829.96627
69,109,Gull Island SMR,Section 632 (b) (109),19.93167546,SCSR,Gull Island State Marine Reserve,SMR,https://www.wildlife.ca.gov/Conservation/Marine/MPAs/Network/Title-14-Section-632#Section-632-b-109,109,Gull Island,12756.32302,5162.300775,75186386.04,34482.82532
70,110,Scorpion SMR,Section 632 (b) (110),9.63599763,SCSR,Scorpion State Marine Reserve,SMR,https://www.wildlife.ca.gov/Conservation/Marine/MPAs/Network/Title-14-Section-632#Section-632-b-110,110,Scorpion,6167.063008,2495.721854,36469926.27,28619.07255
71,111,Anacapa Island Special Closure,Section 632 (b) (111),1.02621789,SCSR,Anacapa Island Special Closure,Special Closure,https://www.wildlife.ca.gov/Conservation/Marine/MPAs/Network/Title-14-Section-632#Section-632-b-111,111,Anacapa Island Special Closure,656.7820628,265.7902709,3877857.715,49684.77362
72,112,Anacapa Island SMCA,Section 632 (b) (112),7.30173979,SCSR,Anacapa Island State Marine Conservation Area,SMCA,https://www.wildlife.ca.gov/Conservation/Marine/MPAs/Network/Title-14-Section-632#Section-632-b-112,112,Anacapa Island,4673.132049,1891.149445,27610786.87,24129.52442
73,113,Anacapa Island SMR,Section 632 (b) (113),11.54559417,SCSR,Anacapa Island State Marine Reserve,SMR,https://www.wildlife.ca.gov/Conservation/Marine/MPAs/Network/Title-14-Section-632#Section-632-b-113,113,Anacapa Island,7389.209657,2990.307056,43656419.91,30069.09598
74,114,Footprint SMR,Section 632 (b) (114),7.05443024,SCSR,Footprint State Marine Reserve,SMR,https://www.wildlife.ca.gov/Conservation/Marine/MPAs/Network/Title-14-Section-632#Section-632-b-114,114,Footprint,4514.853306,1827.09631,26629710.71,29783.5801
75,115,Begg Rock SMR,Section 632 (b) (115),37.96253171,SCSR,Begg Rock State Marine Reserve,SMR,https://www.wildlife.ca.gov/Conservation/Marine/MPAs/Network/Title-14-Section-632#Section-632-b-115,115,Begg Rock,24296.11691,9832.289678,141325783.7,42142.96218
76,116,Santa Barbara Island SMR,Section 632 (b) (116),12.76920122,SCSR,Santa Barbara Island State Marine Reserve,SMR,https://www.wildlife.ca.gov/Conservation/Marine/MPAs/Network/Title-14-Section-632#Section-632-b-116,116,Santa Barbara Island,8172.32128,3307.221086,47629929.05,28163.5687
77,123,Arrow Point to Lion Head Point SMCA,Section 632 (b) (123),0.65108345,SCSR,Arrow Point to Lion Head Point State Marine Conservation Area,SMCA,https://www.wildlife.ca.gov/Conservation/Marine/MPAs/Network/Title-14-Section-632#Section-632-b-123,123,Arrow Point to Lion Head Point,416.6950654,168.6305102,2429504.098,14523.13025
78,124,Blue Cavern Onshore SMCA (No-Take),Section 632 (b) (124),2.61414589,SCSR,Blue Cavern Onshore State Marine Conservation Area,SMCA (No-Take),https://www.wildlife.ca.gov/Conservation/Marine/MPAs/Network/Title-14-Section-632#Section-632-b-124,124,Blue Cavern Onshore,1673.060023,677.0633698,9750503.207,16427.98975
79,125,Blue Cavern Offshore SMCA,Section 632 (b) (125),7.69529653,SCSR,Blue Cavern Offshore State Marine Conservation Area,SMCA,https://www.wildlife.ca.gov/Conservation/Marine/MPAs/Network/Title-14-Section-632#Section-632-b-125,125,Blue Cavern Offshore,4925.009362,1993.080577,28727863.05,21881.50314
80,126,Long Point SMR,Section 632 (b) (126),1.66939233,SCSR,Long Point State Marine Reserve,SMR,https://www.wildlife.ca.gov/Conservation/Marine/MPAs/Network/Title-14-Section-632#Section-632-b-126,126,Long Point,1068.415341,432.3723485,6222255.73,12429.63427
81,127,Casino Point SMCA (No-Take),Section 632 (b) (127),0.00739836,SCSR,Casino Point State Marine Conservation Area,SMCA (No-Take),https://www.wildlife.ca.gov/Conservation/Marine/MPAs/Network/Title-14-Section-632#Section-632-b-127,127,Casino Point,4.73497021,1.91617446,27534.05078,819.3484352
82,128,Lover's Cove SMCA,Section 632 (b) (128),0.06059684,SCSR,Lover's Cove State Marine Conservation Area,SMCA,https://www.wildlife.ca.gov/Conservation/Marine/MPAs/Network/Title-14-Section-632#Section-632-b-128,128,Lover's Cove,38.78213495,15.69457319,225489.5352,2519.781448
83,129,Farnsworth Onshore SMCA,Section 632 (b) (129),2.59029159,SCSR,Farnsworth Onshore State Marine Conservation Area,SMCA,https://www.wildlife.ca.gov/Conservation/Marine/MPAs/Network/Title-14-Section-632#Section-632-b-129,129,Farnsworth Onshore,1657.793213,670.885111,9636904.301,14853.29528
84,130,Farnsworth Offshore SMCA,Section 632 (b) (130),6.6714869,SCSR,Farnsworth Offshore State Marine Conservation Area,SMCA,https://www.wildlife.ca.gov/Conservation/Marine/MPAs/Network/Title-14-Section-632#Section-632-b-130,130,Farnsworth Offshore,4269.768593,1727.914045,24820662.03,20453.79218
85,137,Batiquitos Lagoon SMCA (No-Take),Section 632 (b) (137),0.50623027,SCSR,Batiquitos Lagoon State Marine Conservation Area,SMCA (No-Take),https://www.wildlife.ca.gov/Conservation/Marine/MPAs/Network/Title-14-Section-632#Section-632-b-137,137,Batiquitos Lagoon,323.9886628,131.1135601,1872976.461,11770.97662
86,138,Swami's SMCA,Section 632 (b) (138),12.7079404,SCSR,Swami's State Marine Conservation Area,SMCA,https://www.wildlife.ca.gov/Conservation/Marine/MPAs/Network/Title-14-Section-632#Section-632-b-138,138,Swami's,8133.114197,3291.354542,46947660.33,28052.6889
87,139,San Elijo Lagoon SMCA (No-Take),Section 632 (b) (139),0.50148979,SCSR,San Elijo Lagoon State Marine Conservation Area,SMCA (No-Take),https://www.wildlife.ca.gov/Conservation/Marine/MPAs/Network/Title-14-Section-632#Section-632-b-139,139,San Elijo Lagoon,320.95474,129.8857751,1852075.875,18882.63841
88,140,San Dieguito Lagoon SMCA,Section 632 (b) (140),0.11313277,SCSR,San Dieguito Lagoon State Marine Conservation Area,SMCA,https://www.wildlife.ca.gov/Conservation/Marine/MPAs/Network/Title-14-Section-632#Section-632-b-140,140,San Dieguito Lagoon,72.4052588,29.30136866,417409.7305,3540.313645
89,141,San Diego-Scripps Coastal SMCA,Section 632 (b) (141),1.45688329,SCSR,San Diego-Scripps Coastal State Marine Conservation Area,SMCA,https://www.wildlife.ca.gov/Conservation/Marine/MPAs/Network/Title-14-Section-632#Section-632-b-141,141,San Diego-Scripps Coastal,932.4090126,377.3325401,5364269.563,9118.606517
90,142,Matlahuayl SMR,Section 632 (b) (142),1.03647093,SCSR,Matlahuayl State Marine Reserve,SMR,https://www.wildlife.ca.gov/Conservation/Marine/MPAs/Network/Title-14-Section-632#Section-632-b-142,142,Matlahuayl,663.3440361,268.4458073,3814914.348,8198.313107
91,143,South La Jolla SMR,Section 632 (b) (143),5.04371253,SCSR,South La Jolla State Marine Reserve,SMR,https://www.wildlife.ca.gov/Conservation/Marine/MPAs/Network/Title-14-Section-632#Section-632-b-143,143,South La Jolla,3227.988858,1306.320744,18546572.46,19436.87564
92,144,South La Jolla SMCA,Section 632 (b) (144),2.45962964,SCSR,South La Jolla State Marine Conservation Area,SMCA,https://www.wildlife.ca.gov/Conservation/Marine/MPAs/Network/Title-14-Section-632#Section-632-b-144,144,South La Jolla,1574.169229,637.0436853,9043941.258,12127.71591
93,145,Famosa Slough SMCA (No-Take),Section 632 (b) (145),0.03184934,SCSR,Famosa Slough State Marine Conservation Area,SMCA (No-Take),https://www.wildlife.ca.gov/Conservation/Marine/MPAs/Network/Title-14-Section-632#Section-632-b-145,145,Famosa Slough,20.38366013,8.24897459,116950.2109,2825.162148
94,146,Cabrillo SMR,Section 632 (b) (146),0.39052903,SCSR,Cabrillo State Marine Reserve,SMR,https://www.wildlife.ca.gov/Conservation/Marine/MPAs/Network/Title-14-Section-632#Section-632-b-146,146,Cabrillo,249.9395723,101.1469564,1431338.586,6959.317373
95,147,Tijuana River Mouth SMCA,Section 632 (b) (147),3.01558694,SCSR,Tijuana River Mouth State Marine Conservation Area,SMCA,https://www.wildlife.ca.gov/Conservation/Marine/MPAs/Network/Title-14-Section-632#Section-632-b-147,147,Tijuana River Mouth,1929.983316,781.0365379,11023606.38,13782.35512
96,148,Gull Island FMR,N/A,14.49770827,SCSR,Gull Island Federal Marine Reserve,FMR,http://federalregister.gov/a/E7-10096,0,Gull Island,9278.570193,3754.904138,54629888.21,33527.89957
97,149,Footprint FMR,N/A,21.31123705,SCSR,Footprint Federal Marine Reserve,FMR,http://federalregister.gov/a/E7-10096,0,Footprint,13639.24595,5519.607007,80395556.7,35920.15368
98,150,South Point FMR,N/A,1.88419327,SCSR,South Point Federal Marine Reserve,FMR,http://federalregister.gov/a/E7-10096,0,South Point,1205.888489,488.0057575,7094882,16424.5892
99,151,Richardson Rock FMR,N/A,31.97444022,SCSR,Richardson Rock Federal Marine Reserve,FMR,http://federalregister.gov/a/E7-10096,0,Richardson Rock,20463.72312,8281.374934,121102818.6,77330.96527
100,152,Harris Point FMR,N/A,23.62232893,SCSR,Harris Point Federal Marine Reserve,FMR,http://federalregister.gov/a/E7-10096,0,Harris Point,15118.35064,6118.179436,89584238.88,40939.30064
101,153,Scorpion FMR,N/A,8.80059199,SCSR,Scorpion Federal State Marine Reserve,FMR,http://federalregister.gov/a/E7-10096,0,Scorpion,5632.401269,2279.351925,33347616.06,23698.95288
102,154,Anacapa Island FMR,N/A,3.78533754,SCSR,Anacapa Island Federal Marine Reserve,FMR,http://federalregister.gov/a/E7-10096,0,Anacapa,2422.62566,980.401821,14323715.19,16657.72114
103,155,Anacapa Island FMCA,N/A,2.35296576,SCSR,Anacapa Island Federal Marine Conservation Area,FMCA,http://federalregister.gov/a/E7-10096,0,Anacapa,1505.904074,609.4177575,8904298.855,12615.55781
104,156,Santa Barbara Island FMR,N/A,43.96987382,SCSR,Santa Barbara Island Federal Marine Reserve,FMR,http://federalregister.gov/a/E7-10096,0,Santa Barbara Island,28140.83116,11388.19033,163888869.2,54784.46266
105,6,Reading Rock SMCA,Section 632 (b) (6),11.95939437,NCSR,Reading Rock State Marine Conservation Area,SMCA,https://www.wildlife.ca.gov/Conservation/Marine/MPAs/Network/Title-14-Section-632#Section-632-b-6,6,Reading Rock,7654.042834,3097.48124,54951947.16,30758.20948
106,11,South Cape Mendocino SMR,Section 632 (b) (11),9.07866481,NCSR,South Cape Mendocino State Marine Reserve,SMR,https://www.wildlife.ca.gov/Conservation/Marine/MPAs/Network/Title-14-Section-632#Section-632-b-11,11,South Cape Mendocino,5810.368586,2351.372743,40616251.13,34336.98162
107,22,MacKerricher SMCA,Section 632 (b) (22),2.48449364,NCSR,MacKerricher State Marine Conservation Area,SMCA,https://www.wildlife.ca.gov/Conservation/Marine/MPAs/Network/Title-14-Section-632#Section-632-b-22,22,MacKerricher,1590.082256,643.4834589,10816089.28,23960.81828
108,25,Big River Estuary SMCA,Section 632 (b) (25),0.12512796,NCSR,Big River Estuary State Marine Conservation Area,SMCA,https://www.wildlife.ca.gov/Conservation/Marine/MPAs/Network/Title-14-Section-632#Section-632-b-25,25,Big River Estuary,80.08221556,32.40812284,541956.5313,5720.089784
109,27,Navarro River Estuary SMCA,Section 632 (b) (27),0.09110947,NCSR,Navarro River Estuary State Marine Conservation Area,SMCA,https://www.wildlife.ca.gov/Conservation/Marine/MPAs/Network/Title-14-Section-632#Section-632-b-27,27,Navarro River Estuary,58.31029398,23.59733877,393426.2461,4625.317756
110,29,Point Arena SMCA,Section 632 (b) (29),6.73632497,NCCSR,Point Arena State Marine Conservation Area,SMCA,https://www.wildlife.ca.gov/Conservation/Marine/MPAs/Network/Title-14-Section-632#Section-632-b-29,29,Point Arena,4311.265127,1744.707097,28897569.64,20991.12538
111,32,Del Mar Landing SMR,Section 632 (b) (32),0.21626338,NCCSR,Del Mar Landing State Marine Reserve,SMR,https://www.wildlife.ca.gov/Conservation/Marine/MPAs/Network/Title-14-Section-632#Section-632-b-32,32,Del Mar Landing,138.4091162,56.01218208,922013.1289,5393.761471
112,35,Salt Point SMCA,Section 632 (b) (35),1.84024344,NCCSR,Salt Point State Marine Conservation Area,SMCA,https://www.wildlife.ca.gov/Conservation/Marine/MPAs/Network/Title-14-Section-632#Section-632-b-35,35,Salt Point,1177.760484,476.6227577,7809484.309,19890.41157
113,39,Bodega Head SMR,Section 632 (b) (39),9.34140737,NCCSR,Bodega Head State Marine Reserve,SMR,https://www.wildlife.ca.gov/Conservation/Marine/MPAs/Network/Title-14-Section-632#Section-632-b-39,39,Bodega Head,5978.524493,2419.423024,39365290.68,30169.4233
114,40,Bodega Head SMCA,Section 632 (b) (40),12.31398794,NCCSR,Bodega Head State Marine Conservation Area,SMCA,https://www.wildlife.ca.gov/Conservation/Marine/MPAs/Network/Title-14-Section-632#Section-632-b-40,40,Bodega Head,7880.983625,3189.32092,51824756.22,33926.75731
115,44,Point Reyes SMCA,Section 632 (b) (44),12.26625258,NCCSR,Point Reyes State Marine Conservation Area,SMCA,https://www.wildlife.ca.gov/Conservation/Marine/MPAs/Network/Title-14-Section-632#Section-632-b-44,44,Point Reyes,7850.432868,3176.957467,51188450.5,28947.64018
116,46,Estero de Limantour SMR,Section 632 (b) (46),1.44871278,NCCSR,Estero de Limantour State Marine Reserve,SMR,https://www.wildlife.ca.gov/Conservation/Marine/MPAs/Network/Title-14-Section-632#Section-632-b-46,46,Estero de Limantour,927.179866,375.2163796,6058485.422,32777.86313
117,47,Drakes Estero SMCA,Section 632 (b) (47),2.4982641,NCCSR,Drakes Estero State Marine Conservation Area,SMCA,https://www.wildlife.ca.gov/Conservation/Marine/MPAs/Network/Title-14-Section-632#Section-632-b-47,47,Drakes Estero,1598.895383,647.050005,10454895.63,48229.7626
118,43,Point Reyes SMR,Section 632 (b) (43),9.55088629,NCCSR,Point Reyes State Marine Reserve,SMR,https://www.wildlife.ca.gov/Conservation/Marine/MPAs/Network/Title-14-Section-632#Section-632-b-43,43,Point Reyes,6112.591535,2473.678031,39913410.23,44604.08602
119,66,Pillar Point SMCA,Section 632 (b) (66),6.7024368,NCCSR,Pillar Point State Marine Conservation Area,SMCA,https://www.wildlife.ca.gov/Conservation/Marine/MPAs/Network/Title-14-Section-632#Section-632-b-66,66,Pillar Point,4289.576612,1735.930066,27615102.36,22614.49228
120,65,Montara SMR,Section 632 (b) (65),11.80871803,NCCSR,Montara State Marine Reserve,SMR,https://www.wildlife.ca.gov/Conservation/Marine/MPAs/Network/Title-14-Section-632#Section-632-b-65,65,Montara,7557.609595,3058.456093,48707820.95,31013.45173
121,51,North Farallon Islands SMR,Section 632 (b) (51),18.06822354,NCCSR,North Farallon Islands State Marine Reserve,SMR,https://www.wildlife.ca.gov/Conservation/Marine/MPAs/Network/Title-14-Section-632#Section-632-b-51,51,North Farallon Islands,11563.70905,4679.667025,75075975.82,43586.97107
122,68,Greyhound Rock SMCA,Section 632 (b) (68),12.00218882,CCSR,Greyhound Rock State Marine Conservation Area,SMCA,https://www.wildlife.ca.gov/Conservation/Marine/MPAs/Network/Title-14-Section-632#Section-632-b-68,68,Greyhound Rock,7681.431393,3108.564997,48906631.97,34144.19474
123,67,Año Nuevo SMR,Section 632 (b) (67),11.14629513,CCSR,Año Nuevo State Marine Reserve,SMR,https://www.wildlife.ca.gov/Conservation/Marine/MPAs/Network/Title-14-Section-632#Section-632-b-67,67,Año Nuevo,7133.657251,2886.888666,45470594.5,47916.41071
124,75,Edward F. Ricketts SMCA,Section 632 (b) (75),0.22860494,CCSR,Edward F. Ricketts State Marine Conservation Area,SMCA,https://www.wildlife.ca.gov/Conservation/Marine/MPAs/Network/Title-14-Section-632#Section-632-b-75,75,Edward F. Ricketts,146.3077426,59.20864279,920769.0625,5304.644086
125,76,Lovers Point - Julia Platt SMR,Section 632 (b) (76),0.29511389,CCSR,Lovers Point - Julia Platt State Marine Reserve,SMR,https://www.wildlife.ca.gov/Conservation/Marine/MPAs/Network/Title-14-Section-632#Section-632-b-76,76,Lovers Point - Julia Platt,188.8736412,76.43445079,1188900.91,6495.952085
126,77,Pacific Grove Marine Gardens SMCA,Section 632 (b) (77),0.98191597,CCSR,Pacific Grove Marine Gardens State Marine Conservation Area,SMCA,https://www.wildlife.ca.gov/Conservation/Marine/MPAs/Network/Title-14-Section-632#Section-632-b-77,77,Pacific Grove Marine Gardens,628.4287206,254.3160804,3957353.207,11006.97858
127,78,Asilomar SMR,Section 632 (b) (78),1.50528091,CCSR,Asilomar State Marine Reserve,SMR,https://www.wildlife.ca.gov/Conservation/Marine/MPAs/Network/Title-14-Section-632#Section-632-b-78,78,Asilomar,963.3836122,389.8675158,6064376.902,14289.72187
128,80,Carmel Bay SMCA,Section 632 (b) (80),2.20134429,CCSR,Carmel Bay State Marine Conservation Area,SMCA,https://www.wildlife.ca.gov/Conservation/Marine/MPAs/Network/Title-14-Section-632#Section-632-b-80,80,Carmel Bay,1408.865951,570.1478221,8851957.582,17386.8647
129,81,Point Lobos SMR,Section 632 (b) (81),5.50099389,CCSR,Point Lobos State Marine Reserve,SMR,https://www.wildlife.ca.gov/Conservation/Marine/MPAs/Network/Title-14-Section-632#Section-632-b-81,81,Point Lobos,3520.650093,1424.756544,22095334.79,43877.97034
130,83,Point Sur SMR,Section 632 (b) (83),9.79161615,CCSR,Point Sur State Marine Reserve,SMR,https://www.wildlife.ca.gov/Conservation/Marine/MPAs/Network/Title-14-Section-632#Section-632-b-83,83,Point Sur,6266.659256,2536.027026,39106889.14,32441.43283
131,86,Big Creek SMCA,Section 632 (b) (86),7.84835008,CCSR,Big Creek State Marine Conservation Area,SMCA,https://www.wildlife.ca.gov/Conservation/Marine/MPAs/Network/Title-14-Section-632#Section-632-b-86,86,Big Creek,5022.964027,2032.721423,31201886.68,23685.92686
132,85,Big Creek SMR,Section 632 (b) (85),14.51410176,CCSR,Big Creek State Marine Reserve,SMR,https://www.wildlife.ca.gov/Conservation/Marine/MPAs/Network/Title-14-Section-632#Section-632-b-85,85,Big Creek,9289.062069,3759.150049,57660433.27,44071.43761
133,87,Piedras Blancas SMR,Section 632 (b) (87),10.43744906,CCSR,Piedras Blancas State Marine Reserve,SMR,https://www.wildlife.ca.gov/Conservation/Marine/MPAs/Network/Title-14-Section-632#Section-632-b-87,87,Piedras Blancas,6679.993964,2703.297648,41066606.32,38982.60184
134,89,Cambria SMCA,Section 632 (b) (89),6.25528972,CCSR,Cambria State Marine Conservation Area,SMCA,https://www.wildlife.ca.gov/Conservation/Marine/MPAs/Network/Title-14-Section-632#Section-632-b-89,89,Cambria,4003.401339,1620.119042,24559462.7,31997.70076
135,90,White Rock SMCA,Section 632 (b) (90),2.91076668,CCSR,White Rock State Marine Conservation Area,SMCA,https://www.wildlife.ca.gov/Conservation/Marine/MPAs/Network/Title-14-Section-632#Section-632-b-90,90,White Rock,1862.898082,753.8881066,11407874.15,19752.69804
136,151,Point Buchon SMCA,Section 632 (b) (94),12.18935569,CCSR,Point Buchon State Marine Conservation Area,SMCA,https://www.wildlife.ca.gov/Conservation/Marine/MPAs/Network/Title-14-Section-632#Section-632-b-94,94,Point Buchon,7801.218666,3157.041186,47400395.3,31443.38352
137,150,Point Buchon SMR,Section 632 (b) (93),6.68409478,CCSR,Point Buchon State Marine Reserve,SMR,https://www.wildlife.ca.gov/Conservation/Marine/MPAs/Network/Title-14-Section-632#Section-632-b-93,93,Point Buchon,4277.837672,1731.179486,26009811.72,29526.73773
138,96,Point Conception SMR,Section 632 (b) (96),22.52344824,SCSR,Point Conception State Marine Reserve,SMR,https://www.wildlife.ca.gov/Conservation/Marine/MPAs/Network/Title-14-Section-632#Section-632-b-96,96,Point Conception,14415.0642,5833.569513,85940945.47,41091.20976
139,98,Naples SMCA,Section 632 (b) (98),2.60155798,SCSR,Naples State Marine Conservation Area,SMCA,https://www.wildlife.ca.gov/Conservation/Marine/MPAs/Network/Title-14-Section-632#Section-632-b-98,98,Naples,1665.003727,673.8031024,9927892.996,13755.92148
140,99,Campus Point SMCA (No-Take),Section 632 (b) (99),10.55959508,SCSR,Campus Point State Marine Conservation Area,SMCA (No-Take),https://www.wildlife.ca.gov/Conservation/Marine/MPAs/Network/Title-14-Section-632#Section-632-b-99,99,Campus Point,6758.167725,2734.933446,40253601.24,27546.65365
141,104,Judith Rock SMR,Section 632 (b) (104),4.55737694,SCSR,Judith Rock State Marine Reserve,SMR,https://www.wildlife.ca.gov/Conservation/Marine/MPAs/Network/Title-14-Section-632#Section-632-b-104,104,Judith Rock,2916.732843,1180.359904,17218019.91,20605.57065
142,117,Point Dume SMCA,Section 632 (b) (117),15.92034847,SCSR,Point Dume State Marine Conservation Area,SMCA,https://www.wildlife.ca.gov/Conservation/Marine/MPAs/Network/Title-14-Section-632#Section-632-b-117,117,Point Dume,10189.06354,4123.367722,60141953.42,33272.04012
143,118,Point Dume SMR,Section 632 (b) (118),7.53224473,SCSR,Point Dume State Marine Reserve,SMR,https://www.wildlife.ca.gov/Conservation/Marine/MPAs/Network/Title-14-Section-632#Section-632-b-118,118,Point Dume,4820.655801,1950.850189,28441700.75,27540.08341
144,120,Abalone Cove SMCA,Section 632 (b) (120),4.79421435,SCSR,Abalone Cove State Marine Conservation Area,SMCA,https://www.wildlife.ca.gov/Conservation/Marine/MPAs/Network/Title-14-Section-632#Section-632-b-120,120,Abalone Cove,3068.309387,1241.700755,17991584.89,20190.7698
145,119,Point Vicente SMCA (No-Take),Section 632 (b) (119),15.04456164,SCSR,Point Vicente State Marine Conservation Area,SMCA (No-Take),https://www.wildlife.ca.gov/Conservation/Marine/MPAs/Network/Title-14-Section-632#Section-632-b-119,119,Point Vicente,9628.557742,3896.539074,56465073.34,31128.84634
146,121,Bolsa Bay SMCA,Section 632 (b) (121),0.06924646,SCSR,Bolsa Bay State Marine Conservation Area,SMCA,https://www.wildlife.ca.gov/Conservation/Marine/MPAs/Network/Title-14-Section-632#Section-632-b-121,121,Bolsa Bay,44.31791063,17.93482212,259833.7656,3332.511336
147,122,Bolsa Chica Basin SMCA (No-Take),Section 632 (b) (122),0.70276937,SCSR,Bolsa Chica Basin State Marine Conservation Area,SMCA (No-Take),https://www.wildlife.ca.gov/Conservation/Marine/MPAs/Network/Title-14-Section-632#Section-632-b-122,122,Bolsa Chica Basin,449.7741832,182.0171542,2636295.871,18551.51022
148,131,Cat Harbor SMCA,Section 632 (b) (131),0.25790834,SCSR,Cat Harbor State Marine Conservation Area,SMCA,https://www.wildlife.ca.gov/Conservation/Marine/MPAs/Network/Title-14-Section-632#Section-632-b-131,131,Cat Harbor,165.0619922,66.79821831,961588.4883,6365.629875
149,132,Upper Newport Bay SMCA,Section 632 (b) (132),1.24273566,SCSR,Upper Newport Bay State Marine Conservation Area,SMCA,https://www.wildlife.ca.gov/Conservation/Marine/MPAs/Network/Title-14-Section-632#Section-632-b-132,132,Upper Newport Bay,795.3539844,321.868338,4655641.828,27920.72069
150,135,Laguna Beach SMCA (No-Take),Section 632 (b) (135),3.09166022,SCSR,Laguna Beach State Marine Conservation Area,SMCA (No-Take),https://www.wildlife.ca.gov/Conservation/Marine/MPAs/Network/Title-14-Section-632#Section-632-b-135,135,Laguna Beach,1978.670407,800.7395043,11546090.4,18925.82811
151,133,Crystal Cove SMCA,Section 632 (b) (133),3.52796653,SCSR,Crystal Cove State Marine Conservation Area,SMCA,https://www.wildlife.ca.gov/Conservation/Marine/MPAs/Network/Title-14-Section-632#Section-632-b-133,133,Crystal Cove,2257.907561,913.7427716,13198351.86,21241.3945
152,134,Laguna Beach SMR,Section 632 (b) (134),6.71532994,SCSR,Laguna Beach State Marine Reserve,SMR,https://www.wildlife.ca.gov/Conservation/Marine/MPAs/Network/Title-14-Section-632#Section-632-b-134,134,Laguna Beach,4297.828256,1739.269388,25097367.32,25109.59386
153,136,Dana Point SMCA,Section 632 (b) (136),3.46825382,SCSR,Dana Point State Marine Conservation Area,SMCA,https://www.wildlife.ca.gov/Conservation/Marine/MPAs/Network/Title-14-Section-632#Section-632-b-136,136,Dana Point,2219.691271,898.2771877,12948773.68,21900.90655
154,33,Stewarts Point SMCA,Section 632 (b) (33),1.21327564,NCCSR,Stewarts Point State Marine Conservation Area,SMCA,https://www.wildlife.ca.gov/Conservation/Marine/MPAs/Network/Title-14-Section-632#Section-632-b-33,33,Stewarts Point,758.4121447,306.9185059,5158725.965,22877.45954
155,34,Stewarts Point SMR,Section 632 (b) (34),24.03212876,NCCSR,Stewarts Point State Marine Reserve,SMR,https://www.wildlife.ca.gov/Conservation/Marine/MPAs/Network/Title-14-Section-632#Section-632-b-34,34,Stewarts Point,15398.71093,6231.637222,102158645.6,54819.40787
>>>>>>> 09ff7b36166ff0edb6a3d23fb5991380a62ae7f5,,,,,,,,,,,,,,
